Regional,Province,District,Sub-District,Gender,Age,Age Range,Relation,Mariage Registration,Alcohol,Drug,Authoritative,Rage,Jealous,Divorce,Health Problem,Mental Problem,Gambling Addict,Economics Stress,Relation Type,Relation Type Group
ภาคกลาง,กรุงเทพมหานคร,เขตหนองจอก,ลำผักชี,หญิง,18.0,วัยรุ่น 13 - 18 ปี,โสด,ไม่ระบุ,ไม่,ไม่,ไม่,ใช่,ไม่,ไม่,ไม่,ไม่,ไม่,ไม่,ยาย,ผู้ปกครอง/เครือญาติ
ภาคกลาง,กรุงเทพมหานคร,เขตบางแค,บางแค,หญิง,36.0,วัยกลางคน 36 - 59 ปี,โสด,ไม่ระบุ,ไม่,ไม่,ไม่,ใช่,ไม่,ไม่,ไม่,ไม่,ไม่,ไม่,พี่น้อง/ลูกพี่ลูกน้อง,บุตร/หลาน
ภาคกลาง,กรุงเทพมหานคร,เขตทวีวัฒนา,ศาลาธรรมสพน์,ชาย,78.0,วัยสูงอายุ 60 ปีขึ้นไป,แยกกันอยู่,ยังไม่ได้จดทะเบียนหย่า,ไม่,ไม่,ไม่,ไม่,ไม่,ไม่,ไม่,ใช่,ไม่,ไม่,บุตร,บุตร/หลาน
ภาคกลาง,กรุงเทพมหานคร,เขตบางซื่อ,วงศ์สว่าง,หญิง,64.0,วัยสูงอายุ 60 ปีขึ้นไป,แยกกันอยู่,จดทะเบียนหย่า,ไม่,ไม่,ใช่,ใช่,ไม่,ไม่,ไม่,ใช่,ไม่,ไม่,"คู่ชีวิต,สามี",คู่สมรส/คู่รัก
ภาคกลาง,กรุงเทพมหานคร,เขตประเวศ,ดอกไม้,หญิง,35.0,วัยผู้ใหญ่ตอนต้น 19 - 35 ปี,โสด,ไม่ระบุ,ใช่,ไม่,ไม่,ใช่,ใช่,ไม่,ไม่,ไม่,ไม่,ไม่,"คู่ชีวิต,ภรรยา",คู่สมรส/คู่รัก
ภาคกลาง,กรุงเทพมหานคร,เขตคลองเตย,พระโขนงเหนือ,หญิง,37.0,วัยกลางคน 36 - 59 ปี,โสด,ไม่ระบุ,ไม่,ไม่,ไม่,ไม่,ใช่,ไม่,ไม่,ไม่,ไม่,ไม่,"คู่ชีวิต,สามี",คู่สมรส/คู่รัก
ภาคกลาง,กรุงเทพมหานคร,เขตประเวศ,ประเวศ,หญิง,14.0,วัยรุ่น 13 - 18 ปี,โสด,ไม่ระบุ,ไม่,ไม่,ไม่,ใช่,ไม่,ไม่,ไม่,ไม่,ไม่,ไม่,บิดา,ผู้ปกครอง/เครือญาติ
ภาคกลาง,กรุงเทพมหานคร,เขตคลองสามวา,บางชัน,หญิง,44.0,วัยกลางคน 36 - 59 ปี,โสด,ไม่ระบุ,ไม่,ไม่,ไม่,ไม่,ใช่,ไม่,ไม่,ไม่,ไม่,ไม่,"คู่ชีวิต,สามี",คู่สมรส/คู่รัก
ภาคกลาง,กรุงเทพมหานคร,เขตประเวศ,ประเวศ,หญิง,68.0,วัยสูงอายุ 60 ปีขึ้นไป,หม้าย (กรณีคู่สมรสเสียชีวิต),ไม่ระบุ,ไม่,ใช่,ไม่,ไม่,ไม่,ไม่,ไม่,ไม่,ไม่,ไม่,หลาน,บุตร/หลาน
ภาคกลาง,กรุงเทพมหานคร,เขตบางเขน,อนุสาวรีย์,หญิง,30.0,วัยผู้ใหญ่ตอนต้น 19 - 35 ปี,โสด,ไม่ระบุ,ไม่,ไม่,ไม่,ใช่,ไม่,ไม่,ไม่,ไม่,ไม่,ไม่,"คู่ชีวิต,สามี",คู่สมรส/คู่รัก
ภาคกลาง,กรุงเทพมหานคร,เขตทุ่งครุ,บางมด,หญิง,32.0,วัยผู้ใหญ่ตอนต้น 19 - 35 ปี,แยกกันอยู่,ยังไม่ได้จดทะเบียนหย่า,ไม่,ไม่,ไม่,ไม่,ไม่,ใช่,ไม่,ไม่,ไม่,ไม่,"คู่ชีวิต,อดีตสามี",คู่สมรส/คู่รัก
ภาคกลาง,กรุงเทพมหานคร,เขตดุสิต,ดุสิต,ชาย,73.0,วัยสูงอายุ 60 ปีขึ้นไป,สมรส,จดทะเบียนสมรสแล้ว,ไม่,ไม่,ไม่,ไม่,ไม่,ไม่,ไม่,ใช่,ไม่,ไม่,"คู่ชีวิต,ภรรยา",คู่สมรส/คู่รัก
ภาคกลาง,กรุงเทพมหานคร,เขตมีนบุรี,มีนบุรี,หญิง,36.0,วัยกลางคน 36 - 59 ปี,โสด,ไม่ระบุ,ใช่,ไม่,ไม่,ไม่,ไม่,ไม่,ไม่,ไม่,ไม่,ไม่,อื่นๆ แฟน,คู่สมรส/คู่รัก
ภาคกลาง,กรุงเทพมหานคร,เขตทุ่งครุ,บางมด,หญิง,38.0,วัยกลางคน 36 - 59 ปี,สมรส,ยังไม่ได้จดทะเบียนสมรส,ใช่,ไม่,ไม่,ไม่,ไม่,ไม่,ไม่,ไม่,ไม่,ไม่,"คู่ชีวิต,สามี",คู่สมรส/คู่รัก
ภาคกลาง,กรุงเทพมหานคร,เขตภาษีเจริญ,บางหว้า,หญิง,54.0,วัยกลางคน 36 - 59 ปี,สมรส,ยังไม่ได้จดทะเบียนสมรส,ใช่,ไม่,ใช่,ไม่,ใช่,ไม่,ไม่,ไม่,ไม่,ไม่,"คู่ชีวิต,สามี",คู่สมรส/คู่รัก
ภาคกลาง,กรุงเทพมหานคร,เขตสะพานสูง,สะพานสูง,หญิง,31.0,วัยผู้ใหญ่ตอนต้น 19 - 35 ปี,แยกกันอยู่,จดทะเบียนหย่า,ไม่,ไม่,ไม่,ใช่,ไม่,ไม่,ไม่,ไม่,ไม่,ไม่,พี่น้อง/ลูกพี่ลูกน้อง,บุตร/หลาน
ภาคกลาง,กรุงเทพมหานคร,เขตสายไหม,คลองถนน,หญิง,44.0,วัยกลางคน 36 - 59 ปี,สมรส,จดทะเบียนสมรสแล้ว,ไม่,ใช่,ใช่,ไม่,ไม่,ไม่,ไม่,ไม่,ไม่,ไม่,"คู่ชีวิต,สามี",คู่สมรส/คู่รัก
ภาคกลาง,กรุงเทพมหานคร,เขตจอมทอง,บางค้อ,หญิง,43.0,วัยกลางคน 36 - 59 ปี,แยกกันอยู่,จดทะเบียนหย่า,ไม่,ไม่,ไม่,ใช่,ไม่,ไม่,ไม่,ไม่,ไม่,ไม่,"คู่ชีวิต,สามี",คู่สมรส/คู่รัก
ภาคกลาง,กรุงเทพมหานคร,เขตสวนหลวง,อ่อนนุช,หญิง,39.0,วัยกลางคน 36 - 59 ปี,สมรส,ยังไม่ได้จดทะเบียนสมรส,ใช่,ใช่,ไม่,ไม่,ใช่,ไม่,ไม่,ไม่,ไม่,ไม่,"คู่ชีวิต,สามี",คู่สมรส/คู่รัก
ภาคกลาง,กรุงเทพมหานคร,เขตลาดพร้าว,ลาดพร้าว,หญิง,47.0,วัยกลางคน 36 - 59 ปี,โสด,ไม่ระบุ,ไม่,ไม่,ไม่,ไม่,ไม่,ไม่,ไม่,ใช่,ไม่,ใช่,"คู่ชีวิต,สามี",คู่สมรส/คู่รัก
ภาคกลาง,กรุงเทพมหานคร,เขตพระนคร,บ้านพานถม,หญิง,49.0,วัยกลางคน 36 - 59 ปี,โสด,ไม่ระบุ,ไม่,ไม่,ไม่,ใช่,ไม่,ไม่,ไม่,ไม่,ไม่,ไม่,พี่น้อง/ลูกพี่ลูกน้อง,บุตร/หลาน
ภาคกลาง,กรุงเทพมหานคร,เขตบางพลัด,บางพลัด,หญิง,27.0,วัยผู้ใหญ่ตอนต้น 19 - 35 ปี,โสด,ไม่ระบุ,ไม่,ไม่,ไม่,ใช่,ไม่,ไม่,ไม่,ไม่,ไม่,ไม่,"คู่ชีวิต,สามี",คู่สมรส/คู่รัก
ภาคกลาง,กรุงเทพมหานคร,เขตจอมทอง,บางขุนเทียน,ชาย,25.0,วัยผู้ใหญ่ตอนต้น 19 - 35 ปี,โสด,ไม่ระบุ,ไม่,ไม่,ไม่,ไม่,ไม่,ไม่,ไม่,ไม่,ไม่,ใช่,"คู่ชีวิต,ภรรยา",คู่สมรส/คู่รัก
ภาคกลาง,กรุงเทพมหานคร,เขตบางขุนเทียน,แสมดำ,หญิง,47.0,วัยกลางคน 36 - 59 ปี,โสด,ไม่ระบุ,ไม่,ไม่,ใช่,ไม่,ไม่,ไม่,ไม่,ไม่,ไม่,ไม่,อื่นๆ อดีตสามี,คู่สมรส/คู่รัก
ภาคกลาง,กรุงเทพมหานคร,เขตหนองแขม,หนองค้างพลู,หญิง,39.0,วัยกลางคน 36 - 59 ปี,สมรส,ยังไม่ได้จดทะเบียนสมรส,ไม่,ไม่,ไม่,ไม่,ใช่,ไม่,ไม่,ไม่,ไม่,ไม่,"คู่ชีวิต,สามี",คู่สมรส/คู่รัก
ภาคกลาง,กรุงเทพมหานคร,เขตวังทองหลาง,วังทองหลาง,หญิง,41.0,วัยกลางคน 36 - 59 ปี,สมรส,จดทะเบียนสมรสแล้ว,ไม่,ไม่,ใช่,ไม่,ไม่,ไม่,ไม่,ใช่,ไม่,ไม่,"คู่ชีวิต,สามี",คู่สมรส/คู่รัก
ภาคกลาง,กรุงเทพมหานคร,เขตหนองแขม,หนองแขม,หญิง,54.0,วัยกลางคน 36 - 59 ปี,สมรส,ยังไม่ได้จดทะเบียนสมรส,ใช่,ไม่,ไม่,ไม่,ไม่,ไม่,ไม่,ไม่,ไม่,ไม่,"คู่ชีวิต,สามี",คู่สมรส/คู่รัก
ภาคกลาง,กรุงเทพมหานคร,เขตลาดกระบัง,คลองสามประเวศ,หญิง,73.0,วัยสูงอายุ 60 ปีขึ้นไป,โสด,ไม่ระบุ,ไม่,ไม่,ไม่,ไม่,ไม่,ไม่,ไม่,ใช่,ไม่,ไม่,พี่น้อง/ลูกพี่ลูกน้อง,บุตร/หลาน
ภาคกลาง,กรุงเทพมหานคร,เขตลาดกระบัง,คลองสามประเวศ,หญิง,66.0,วัยสูงอายุ 60 ปีขึ้นไป,โสด,ไม่ระบุ,ไม่,ไม่,ไม่,ไม่,ไม่,ไม่,ไม่,ใช่,ไม่,ไม่,พี่น้อง/ลูกพี่ลูกน้อง,บุตร/หลาน
ภาคกลาง,กรุงเทพมหานคร,เขตบางแค,บางแค,ชาย,58.0,วัยกลางคน 36 - 59 ปี,โสด,ไม่ระบุ,ไม่,ใช่,ไม่,ไม่,ไม่,ไม่,ไม่,ไม่,ไม่,ไม่,บุตร,บุตร/หลาน
ภาคกลาง,กรุงเทพมหานคร,เขตบางแค,บางแค,หญิง,36.0,วัยกลางคน 36 - 59 ปี,โสด,ไม่ระบุ,ไม่,ไม่,ใช่,ใช่,ไม่,ไม่,ไม่,ไม่,ไม่,ไม่,พี่น้อง/ลูกพี่ลูกน้อง,บุตร/หลาน
ภาคกลาง,กรุงเทพมหานคร,เขตลาดกระบัง,คลองสองต้นนุ่น,หญิง,55.0,วัยกลางคน 36 - 59 ปี,โสด,ไม่ระบุ,ไม่,ไม่,ไม่,ไม่,ใช่,ไม่,ไม่,ไม่,ไม่,ไม่,"คู่ชีวิต,สามี",คู่สมรส/คู่รัก
ภาคกลาง,กรุงเทพมหานคร,เขตคลองสามวา,บางชัน,หญิง,58.0,วัยกลางคน 36 - 59 ปี,สมรส,จดทะเบียนสมรสแล้ว,ไม่,ไม่,ไม่,ไม่,ใช่,ไม่,ไม่,ไม่,ไม่,ไม่,"คู่ชีวิต,สามี",คู่สมรส/คู่รัก
ภาคกลาง,กรุงเทพมหานคร,เขตบางขุนเทียน,แสมดำ,หญิง,46.0,วัยกลางคน 36 - 59 ปี,สมรส,ยังไม่ได้จดทะเบียนสมรส,ไม่,ใช่,ไม่,ไม่,ไม่,ไม่,ไม่,ไม่,ไม่,ไม่,"คู่ชีวิต,สามี",คู่สมรส/คู่รัก
ภาคกลาง,กรุงเทพมหานคร,เขตหลักสี่,ตลาดบางเขน,หญิง,20.0,วัยผู้ใหญ่ตอนต้น 19 - 35 ปี,สมรส,ยังไม่ได้จดทะเบียนสมรส,ไม่,ใช่,ไม่,ไม่,ไม่,ไม่,ไม่,ไม่,ไม่,ไม่,"คู่ชีวิต,สามี",คู่สมรส/คู่รัก
ภาคกลาง,กรุงเทพมหานคร,เขตบางแค,หลักสอง,หญิง,80.0,วัยสูงอายุ 60 ปีขึ้นไป,โสด,ไม่ระบุ,ไม่,ไม่,ไม่,ใช่,ไม่,ไม่,ไม่,ไม่,ไม่,ไม่,ลูกสะใภ้,บุตร/หลาน
ภาคกลาง,กรุงเทพมหานคร,เขตประเวศ,ประเวศ,หญิง,43.0,วัยกลางคน 36 - 59 ปี,โสด,ไม่ระบุ,ไม่,ไม่,ใช่,ไม่,ไม่,ไม่,ไม่,ไม่,ไม่,ไม่,บิดา,ผู้ปกครอง/เครือญาติ
ภาคกลาง,กรุงเทพมหานคร,เขตราษฎร์บูรณะ,บางปะกอก,หญิง,24.0,วัยผู้ใหญ่ตอนต้น 19 - 35 ปี,โสด,ไม่ระบุ,ไม่,ไม่,ไม่,ใช่,ใช่,ไม่,ไม่,ไม่,ไม่,ไม่,"คู่ชีวิต,สามี",คู่สมรส/คู่รัก
ภาคกลาง,กรุงเทพมหานคร,เขตคลองเตย,คลองเตย,ชาย,83.0,วัยสูงอายุ 60 ปีขึ้นไป,สมรส,จดทะเบียนสมรสแล้ว,ไม่,ไม่,ใช่,ไม่,ไม่,ไม่,ไม่,ไม่,ไม่,ไม่,"คู่ชีวิต,ภรรยา",คู่สมรส/คู่รัก
ภาคกลาง,กรุงเทพมหานคร,เขตยานนาวา,ช่องนนทรี,หญิง,40.0,วัยกลางคน 36 - 59 ปี,โสด,ไม่ระบุ,ไม่,ไม่,ไม่,ไม่,ไม่,ไม่,ไม่,ไม่,ไม่,ใช่,"คู่ชีวิต,สามี",คู่สมรส/คู่รัก
ภาคกลาง,กรุงเทพมหานคร,เขตบางบอน,บางบอน,หญิง,41.0,วัยกลางคน 36 - 59 ปี,โสด,ไม่ระบุ,ใช่,ไม่,ไม่,ไม่,ไม่,ไม่,ไม่,ไม่,ไม่,ไม่,"คู่ชีวิต,สามี",คู่สมรส/คู่รัก
ภาคกลาง,กรุงเทพมหานคร,เขตบางบอน,บางบอน,หญิง,16.0,วัยรุ่น 13 - 18 ปี,โสด,ไม่ระบุ,ใช่,ไม่,ไม่,ไม่,ไม่,ไม่,ไม่,ไม่,ไม่,ไม่,บิดา,ผู้ปกครอง/เครือญาติ
ภาคกลาง,กรุงเทพมหานคร,เขตพระนคร,บ้านพานถม,หญิง,25.0,วัยผู้ใหญ่ตอนต้น 19 - 35 ปี,โสด,ไม่ระบุ,ไม่,ไม่,ไม่,ไม่,ไม่,ไม่,ไม่,ไม่,ไม่,ใช่,"คู่ชีวิต,สามี",คู่สมรส/คู่รัก
ภาคกลาง,กรุงเทพมหานคร,เขตวัฒนา,คลองตันเหนือ,หญิง,48.0,วัยกลางคน 36 - 59 ปี,สมรส,ยังไม่ได้จดทะเบียนสมรส,ไม่,ไม่,ไม่,ไม่,ไม่,ไม่,ไม่,ไม่,ใช่,ไม่,"คู่ชีวิต,สามี",คู่สมรส/คู่รัก
ภาคกลาง,กรุงเทพมหานคร,เขตจอมทอง,บางค้อ,หญิง,39.0,วัยกลางคน 36 - 59 ปี,สมรส,จดทะเบียนสมรสแล้ว,ใช่,ไม่,ไม่,ไม่,ไม่,ไม่,ไม่,ไม่,ไม่,ไม่,"คู่ชีวิต,สามี",คู่สมรส/คู่รัก
ภาคกลาง,กรุงเทพมหานคร,เขตลาดพร้าว,ลาดพร้าว,หญิง,26.0,วัยผู้ใหญ่ตอนต้น 19 - 35 ปี,โสด,ไม่ระบุ,ใช่,ไม่,ใช่,ใช่,ไม่,ไม่,ไม่,ไม่,ไม่,ไม่,อื่นๆ บุคคลนอกครอบครัว,อื่น ๆ
ภาคกลาง,กรุงเทพมหานคร,เขตหนองแขม,หนองค้างพลู,ชาย,66.0,วัยสูงอายุ 60 ปีขึ้นไป,โสด,ไม่ระบุ,ไม่,ไม่,ไม่,ใช่,ไม่,ไม่,ไม่,ไม่,ไม่,ไม่,บุตร,บุตร/หลาน
ภาคกลาง,กรุงเทพมหานคร,เขตบางคอแหลม,บางโคล่,หญิง,73.0,วัยสูงอายุ 60 ปีขึ้นไป,โสด,ไม่ระบุ,ไม่,ใช่,ไม่,ใช่,ไม่,ไม่,ไม่,ใช่,ใช่,ไม่,บุตร,บุตร/หลาน
ภาคกลาง,กรุงเทพมหานคร,เขตคลองสาน,คลองต้นไทร,ชาย,27.0,วัยผู้ใหญ่ตอนต้น 19 - 35 ปี,โสด,ไม่ระบุ,ไม่,ไม่,ไม่,ไม่,ไม่,ไม่,ไม่,ไม่,ไม่,ใช่,มารดา,ผู้ปกครอง/เครือญาติ
ภาคกลาง,กรุงเทพมหานคร,เขตหนองจอก,กระทุ่มราย,หญิง,20.0,วัยผู้ใหญ่ตอนต้น 19 - 35 ปี,โสด,ไม่ระบุ,ใช่,ใช่,ใช่,ใช่,ใช่,ไม่,ไม่,ไม่,ไม่,ไม่,อื่นๆ อดีตสามี,คู่สมรส/คู่รัก
ภาคกลาง,กรุงเทพมหานคร,เขตหนองจอก,หนองจอก,หญิง,38.0,วัยกลางคน 36 - 59 ปี,โสด,ไม่ระบุ,ไม่,ใช่,ไม่,ไม่,ใช่,ไม่,ไม่,ไม่,ไม่,ไม่,อื่นๆ อดีตสามี,คู่สมรส/คู่รัก
ภาคกลาง,กรุงเทพมหานคร,เขตบางคอแหลม,บางโคล่,ชาย,72.0,วัยสูงอายุ 60 ปีขึ้นไป,สมรส,จดทะเบียนสมรสแล้ว,ใช่,ใช่,ไม่,ไม่,ไม่,ไม่,ไม่,ไม่,ไม่,ไม่,บุตร,บุตร/หลาน
ภาคกลาง,กรุงเทพมหานคร,เขตบางกอกน้อย,บางขุนนนท์,หญิง,25.0,วัยผู้ใหญ่ตอนต้น 19 - 35 ปี,โสด,ไม่ระบุ,ไม่,ไม่,ไม่,ไม่,ไม่,ไม่,ไม่,ไม่,ไม่,ใช่,"คู่ชีวิต,สามี",คู่สมรส/คู่รัก
ภาคกลาง,กรุงเทพมหานคร,เขตทุ่งครุ,บางมด,หญิง,29.0,วัยผู้ใหญ่ตอนต้น 19 - 35 ปี,โสด,ไม่ระบุ,ไม่,ไม่,ใช่,ใช่,ไม่,ไม่,ไม่,ไม่,ไม่,ไม่,มารดา,ผู้ปกครอง/เครือญาติ
ภาคกลาง,กรุงเทพมหานคร,เขตสวนหลวง,สวนหลวง,หญิง,38.0,วัยกลางคน 36 - 59 ปี,โสด,ไม่ระบุ,ไม่,ไม่,ไม่,ไม่,ใช่,ไม่,ไม่,ไม่,ไม่,ใช่,"คู่ชีวิต,สามี",คู่สมรส/คู่รัก
ภาคกลาง,กรุงเทพมหานคร,เขตราษฎร์บูรณะ,ราษฎร์บูรณะ,หญิง,20.0,วัยผู้ใหญ่ตอนต้น 19 - 35 ปี,โสด,ไม่ระบุ,ไม่,ไม่,ไม่,ใช่,ใช่,ไม่,ไม่,ไม่,ไม่,ไม่,"คู่ชีวิต,สามี",คู่สมรส/คู่รัก
ภาคกลาง,กรุงเทพมหานคร,เขตตลิ่งชัน,ตลิ่งชัน,หญิง,29.0,วัยผู้ใหญ่ตอนต้น 19 - 35 ปี,โสด,ไม่ระบุ,ไม่,ไม่,ไม่,ใช่,ใช่,ไม่,ไม่,ใช่,ไม่,ไม่,อื่นๆ แฟน,คู่สมรส/คู่รัก
ภาคกลาง,กรุงเทพมหานคร,เขตบางขุนเทียน,แสมดำ,หญิง,36.0,วัยกลางคน 36 - 59 ปี,สมรส,จดทะเบียนสมรสแล้ว,ไม่,ใช่,ใช่,ใช่,ไม่,ไม่,ไม่,ไม่,ไม่,ไม่,"คู่ชีวิต,สามี",คู่สมรส/คู่รัก
ภาคกลาง,กรุงเทพมหานคร,เขตคลองสาน,บางลำภูล่าง,หญิง,52.0,วัยกลางคน 36 - 59 ปี,แยกกันอยู่,จดทะเบียนหย่า,ไม่,ไม่,ไม่,ไม่,ไม่,ไม่,ใช่,ใช่,ไม่,ไม่,พี่น้อง/ลูกพี่ลูกน้อง,บุตร/หลาน
ภาคกลาง,กาญจนบุรี,ศรีสวัสดิ์,ด่านแม่แฉลบ,หญิง,8.0,วัยเด็กตอนกลาง 7 - 12 ปี,โสด,ไม่ระบุ,ใช่,ไม่,ใช่,ไม่,ไม่,ไม่,ไม่,ไม่,ไม่,ไม่,บุตร,บุตร/หลาน
ภาคกลาง,กาญจนบุรี,หนองปรือ,หนองปรือ,หญิง,33.0,วัยผู้ใหญ่ตอนต้น 19 - 35 ปี,สมรส,ยังไม่ได้จดทะเบียนสมรส,ไม่,ใช่,ไม่,ไม่,ไม่,ไม่,ไม่,ไม่,ไม่,ไม่,"คู่ชีวิต,สามี",คู่สมรส/คู่รัก
ภาคกลาง,กาญจนบุรี,เมืองกาญจนบุรี,วังด้ง,หญิง,35.0,วัยผู้ใหญ่ตอนต้น 19 - 35 ปี,สมรส,จดทะเบียนสมรสแล้ว,ไม่,ใช่,ไม่,ไม่,ไม่,ไม่,ไม่,ไม่,ไม่,ไม่,"คู่ชีวิต,สามี",คู่สมรส/คู่รัก
ภาคกลาง,กาญจนบุรี,บ่อพลอย,หนองกุ่ม,หญิง,25.0,วัยผู้ใหญ่ตอนต้น 19 - 35 ปี,โสด,ไม่ระบุ,ไม่,ใช่,ไม่,ไม่,ใช่,ไม่,ไม่,ไม่,ไม่,ไม่,"คู่ชีวิต,สามี",คู่สมรส/คู่รัก
ภาคกลาง,กาญจนบุรี,บ่อพลอย,บ่อพลอย,ชาย,53.0,วัยกลางคน 36 - 59 ปี,สมรส,ยังไม่ได้จดทะเบียนสมรส,ไม่,ใช่,ไม่,ไม่,ไม่,ไม่,ไม่,ไม่,ไม่,ไม่,"คู่ชีวิต,ภรรยา",คู่สมรส/คู่รัก
ภาคกลาง,กาญจนบุรี,ท่าม่วง,วังศาลา,ชาย,31.0,วัยผู้ใหญ่ตอนต้น 19 - 35 ปี,สมรส,ยังไม่ได้จดทะเบียนสมรส,ไม่,ไม่,ใช่,ใช่,ไม่,ไม่,ไม่,ไม่,ไม่,ไม่,อื่นๆ พ่อตา,ผู้ปกครอง/เครือญาติ
ภาคกลาง,กาญจนบุรี,ท่ามะกา,ดอนขมิ้น,หญิง,56.0,วัยกลางคน 36 - 59 ปี,สมรส,ยังไม่ได้จดทะเบียนสมรส,ไม่,ไม่,ไม่,ไม่,ใช่,ไม่,ไม่,ไม่,ไม่,ไม่,"คู่ชีวิต,สามี",คู่สมรส/คู่รัก
ภาคกลาง,กาญจนบุรี,ท่ามะกา,ท่ามะกา,ชาย,6.0,วัยเด็กเล็กแรกเกิด - 6 ปี,โสด,ไม่ระบุ,ไม่,ใช่,ไม่,ไม่,ไม่,ไม่,ไม่,ไม่,ไม่,ไม่,บิดา,ผู้ปกครอง/เครือญาติ
ภาคกลาง,จันทบุรี,ท่าใหม่,ทุ่งเบญจา,หญิง,69.0,วัยสูงอายุ 60 ปีขึ้นไป,หม้าย (กรณีคู่สมรสเสียชีวิต),ไม่ระบุ,ไม่,ไม่,ไม่,ไม่,ไม่,ไม่,ไม่,ใช่,ไม่,ไม่,บุตร,บุตร/หลาน
ภาคกลาง,จันทบุรี,ขลุง,เกวียนหัก,หญิง,17.0,วัยรุ่น 13 - 18 ปี,โสด,ไม่ระบุ,ใช่,ไม่,ไม่,ใช่,ไม่,ไม่,ไม่,ไม่,ไม่,ไม่,พ่อเลี้ยง,พ่อเลี้ยง/แม่เลี้ยง
ภาคกลาง,จันทบุรี,เมืองจันทบุรี,ตลาด,หญิง,43.0,วัยกลางคน 36 - 59 ปี,สมรส,ยังไม่ได้จดทะเบียนสมรส,ใช่,ใช่,ไม่,ไม่,ไม่,ไม่,ไม่,ไม่,ไม่,ไม่,"คู่ชีวิต,สามี",คู่สมรส/คู่รัก
ภาคกลาง,จันทบุรี,ขลุง,บ่อเวฬุ,หญิง,13.0,วัยรุ่น 13 - 18 ปี,โสด,ไม่ระบุ,ไม่,ไม่,ไม่,ใช่,ไม่,ไม่,ไม่,ไม่,ไม่,ไม่,มารดา,ผู้ปกครอง/เครือญาติ
ภาคกลาง,จันทบุรี,เมืองจันทบุรี,พลับพลา,หญิง,31.0,วัยผู้ใหญ่ตอนต้น 19 - 35 ปี,สมรส,ยังไม่ได้จดทะเบียนสมรส,ใช่,ไม่,ไม่,ไม่,ไม่,ไม่,ไม่,ไม่,ไม่,ไม่,"คู่ชีวิต,สามี",คู่สมรส/คู่รัก
ภาคกลาง,จันทบุรี,มะขาม,ท่าหลวง,หญิง,6.0,วัยเด็กเล็กแรกเกิด - 6 ปี,โสด,ไม่ระบุ,ใช่,ไม่,ไม่,ไม่,ไม่,ไม่,ไม่,ไม่,ไม่,ไม่,พ่อเลี้ยง,พ่อเลี้ยง/แม่เลี้ยง
ภาคกลาง,ฉะเชิงเทรา,ท่าตะเกียบ,คลองตะเกรา,หญิง,58.0,วัยกลางคน 36 - 59 ปี,โสด,ไม่ระบุ,ไม่,ใช่,ไม่,ไม่,ไม่,ไม่,ไม่,ใช่,ไม่,ไม่,ลูกเขย,บุตร/หลาน
ภาคกลาง,ฉะเชิงเทรา,บ้านโพธิ์,บ้านโพธิ์,หญิง,12.0,วัยเด็กตอนกลาง 7 - 12 ปี,โสด,ไม่ระบุ,ไม่,ไม่,ไม่,ใช่,ไม่,ไม่,ไม่,ไม่,ไม่,ไม่,ตา,ผู้ปกครอง/เครือญาติ
ภาคกลาง,ฉะเชิงเทรา,เมืองฉะเชิงเทรา,บางพระ,หญิง,22.0,วัยผู้ใหญ่ตอนต้น 19 - 35 ปี,สมรส,จดทะเบียนสมรสแล้ว,ไม่,ไม่,ไม่,ใช่,ใช่,ไม่,ไม่,ไม่,ไม่,ไม่,"คู่ชีวิต,สามี",คู่สมรส/คู่รัก
ภาคกลาง,ฉะเชิงเทรา,แปลงยาว,หนองไม้แก่น,หญิง,5.0,วัยเด็กเล็กแรกเกิด - 6 ปี,โสด,ไม่ระบุ,ไม่,ไม่,ใช่,ไม่,ไม่,ไม่,ไม่,ใช่,ไม่,ไม่,หลาน,บุตร/หลาน
ภาคกลาง,ฉะเชิงเทรา,บางน้ำเปรี้ยว,หมอนทอง,ชาย,11.0,วัยเด็กตอนกลาง 7 - 12 ปี,โสด,ไม่ระบุ,ไม่,ไม่,ใช่,ไม่,ไม่,ไม่,ไม่,ไม่,ไม่,ไม่,ตา,ผู้ปกครอง/เครือญาติ
ภาคกลาง,ฉะเชิงเทรา,บางคล้า,บางคล้า,หญิง,15.0,วัยรุ่น 13 - 18 ปี,โสด,ไม่ระบุ,ไม่,ไม่,ไม่,ไม่,ไม่,ไม่,ไม่,ไม่,ไม่,ใช่,บิดา,ผู้ปกครอง/เครือญาติ
ภาคกลาง,ฉะเชิงเทรา,บางคล้า,บางคล้า,หญิง,13.0,วัยรุ่น 13 - 18 ปี,โสด,ไม่ระบุ,ไม่,ไม่,ไม่,ไม่,ไม่,ไม่,ไม่,ไม่,ไม่,ใช่,บิดา,ผู้ปกครอง/เครือญาติ
ภาคกลาง,ฉะเชิงเทรา,บางคล้า,บางคล้า,หญิง,8.0,วัยเด็กตอนกลาง 7 - 12 ปี,โสด,ไม่ระบุ,ไม่,ไม่,ไม่,ไม่,ไม่,ไม่,ไม่,ไม่,ไม่,ใช่,บิดา,ผู้ปกครอง/เครือญาติ
ภาคกลาง,ฉะเชิงเทรา,บางคล้า,บางคล้า,หญิง,35.0,วัยผู้ใหญ่ตอนต้น 19 - 35 ปี,สมรส,จดทะเบียนสมรสแล้ว,ไม่,ไม่,ไม่,ไม่,ไม่,ไม่,ไม่,ไม่,ไม่,ใช่,"คู่ชีวิต,สามี",คู่สมรส/คู่รัก
ภาคกลาง,ฉะเชิงเทรา,บางคล้า,บางคล้า,หญิง,40.0,วัยกลางคน 36 - 59 ปี,สมรส,จดทะเบียนสมรสแล้ว,ไม่,ไม่,ไม่,ไม่,ไม่,ไม่,ไม่,ไม่,ไม่,ใช่,"คู่ชีวิต,สามี",คู่สมรส/คู่รัก
ภาคกลาง,ฉะเชิงเทรา,บางคล้า,บางคล้า,หญิง,17.0,วัยรุ่น 13 - 18 ปี,โสด,ไม่ระบุ,ไม่,ไม่,ไม่,ไม่,ไม่,ไม่,ไม่,ไม่,ไม่,ใช่,บิดา,ผู้ปกครอง/เครือญาติ
ภาคกลาง,ฉะเชิงเทรา,บางปะกง,สองคลอง,ชาย,33.0,วัยผู้ใหญ่ตอนต้น 19 - 35 ปี,โสด,ไม่ระบุ,ไม่,ใช่,ไม่,ใช่,ไม่,ไม่,ไม่,ไม่,ไม่,ไม่,พี่น้อง/ลูกพี่ลูกน้อง,บุตร/หลาน
ภาคกลาง,ฉะเชิงเทรา,บางปะกง,สองคลอง,ชาย,57.0,วัยกลางคน 36 - 59 ปี,โสด,ไม่ระบุ,ไม่,ใช่,ไม่,ใช่,ไม่,ไม่,ไม่,ไม่,ไม่,ไม่,หลาน,บุตร/หลาน
ภาคกลาง,ฉะเชิงเทรา,บ้านโพธิ์,แหลมประดู่,ชาย,11.0,วัยเด็กตอนกลาง 7 - 12 ปี,โสด,ไม่ระบุ,ใช่,ไม่,ไม่,ไม่,ไม่,ไม่,ไม่,ไม่,ไม่,ไม่,บิดา,ผู้ปกครอง/เครือญาติ
ภาคกลาง,ฉะเชิงเทรา,บ้านโพธิ์,สิบเอ็ดศอก,หญิง,56.0,วัยกลางคน 36 - 59 ปี,สมรส,จดทะเบียนสมรสแล้ว,ไม่,ใช่,ไม่,ไม่,ไม่,ไม่,ไม่,ไม่,ไม่,ไม่,บุตร,บุตร/หลาน
ภาคกลาง,ฉะเชิงเทรา,บางคล้า,บางคล้า,หญิง,30.0,วัยผู้ใหญ่ตอนต้น 19 - 35 ปี,สมรส,ยังไม่ได้จดทะเบียนสมรส,ไม่,ไม่,ไม่,ใช่,ไม่,ไม่,ไม่,ไม่,ไม่,ใช่,"คู่ชีวิต,สามี",คู่สมรส/คู่รัก
ภาคกลาง,ฉะเชิงเทรา,เมืองฉะเชิงเทรา,หน้าเมือง,หญิง,34.0,วัยผู้ใหญ่ตอนต้น 19 - 35 ปี,สมรส,ยังไม่ได้จดทะเบียนสมรส,ไม่,ไม่,ใช่,ใช่,ไม่,ไม่,ไม่,ไม่,ไม่,ไม่,อื่นๆ พี่สาวของอดีตคนรักผู้กระทำความรุนแรง,พี่น้อง/ญาติ
ภาคกลาง,ฉะเชิงเทรา,พนมสารคาม,หนองยาว,หญิง,32.0,วัยผู้ใหญ่ตอนต้น 19 - 35 ปี,สมรส,ยังไม่ได้จดทะเบียนสมรส,ใช่,ไม่,ไม่,ไม่,ใช่,ไม่,ใช่,ไม่,ไม่,ใช่,"คู่ชีวิต,ภรรยา",คู่สมรส/คู่รัก
ภาคกลาง,ฉะเชิงเทรา,เมืองฉะเชิงเทรา,คลองหลวงแพ่ง,ชาย,17.0,วัยรุ่น 13 - 18 ปี,โสด,ไม่ระบุ,ไม่,ไม่,ใช่,ไม่,ไม่,ไม่,ไม่,ไม่,ไม่,ไม่,บิดา,ผู้ปกครอง/เครือญาติ
ภาคกลาง,ฉะเชิงเทรา,บางน้ำเปรี้ยว,ดอนเกาะกา,หญิง,38.0,วัยกลางคน 36 - 59 ปี,สมรส,ยังไม่ได้จดทะเบียนสมรส,ไม่,ไม่,ไม่,ใช่,ใช่,ไม่,ไม่,ใช่,ไม่,ไม่,"คู่ชีวิต,สามี",คู่สมรส/คู่รัก
ภาคกลาง,ฉะเชิงเทรา,เมืองฉะเชิงเทรา,บางแก้ว,หญิง,66.0,วัยสูงอายุ 60 ปีขึ้นไป,หม้าย (กรณีคู่สมรสเสียชีวิต),ไม่ระบุ,ไม่,ใช่,ไม่,ไม่,ไม่,ไม่,ไม่,ใช่,ไม่,ใช่,หลาน,บุตร/หลาน
ภาคกลาง,ฉะเชิงเทรา,พนมสารคาม,หนองแหน,หญิง,13.0,วัยรุ่น 13 - 18 ปี,โสด,ไม่ระบุ,ไม่,ไม่,ใช่,ไม่,ไม่,ไม่,ไม่,ไม่,ไม่,ไม่,อื่นๆ เพื่อนร่วมชั้นเรียน,อื่น ๆ
ภาคกลาง,ฉะเชิงเทรา,บางคล้า,ท่าทองหลาง,หญิง,40.0,วัยกลางคน 36 - 59 ปี,สมรส,ยังไม่ได้จดทะเบียนสมรส,ไม่,ไม่,ไม่,ไม่,ไม่,ไม่,ไม่,ใช่,ไม่,ไม่,บุตร,บุตร/หลาน
ภาคกลาง,ชลบุรี,บ้านบึง,บ้านบึง,หญิง,40.0,วัยกลางคน 36 - 59 ปี,สมรส,จดทะเบียนสมรสแล้ว,ไม่,ใช่,ไม่,ไม่,ไม่,ไม่,ไม่,ไม่,ไม่,ไม่,"คู่ชีวิต,สามี",คู่สมรส/คู่รัก
ภาคกลาง,ชลบุรี,พนัสนิคม,พนัสนิคม,หญิง,30.0,วัยผู้ใหญ่ตอนต้น 19 - 35 ปี,สมรส,จดทะเบียนสมรสแล้ว,ใช่,ใช่,ไม่,ไม่,ใช่,ไม่,ไม่,ไม่,ไม่,ไม่,"คู่ชีวิต,สามี",คู่สมรส/คู่รัก
ภาคกลาง,ชลบุรี,บางละมุง,บางละมุง,หญิง,46.0,วัยกลางคน 36 - 59 ปี,สมรส,จดทะเบียนสมรสแล้ว,ไม่,ใช่,ไม่,ไม่,ไม่,ไม่,ไม่,ไม่,ไม่,ไม่,บุตร,บุตร/หลาน
ภาคกลาง,ชลบุรี,เมืองชลบุรี,อ่างศิลา,ชาย,9.0,วัยเด็กตอนกลาง 7 - 12 ปี,โสด,ไม่ระบุ,ไม่,ไม่,ไม่,ใช่,ไม่,ไม่,ไม่,ไม่,ไม่,ไม่,แม่เลี้ยง,พ่อเลี้ยง/แม่เลี้ยง
ภาคกลาง,ชลบุรี,บางละมุง,หนองปรือ,หญิง,68.0,วัยสูงอายุ 60 ปีขึ้นไป,หม้าย (กรณีคู่สมรสเสียชีวิต),ไม่ระบุ,ไม่,ใช่,ไม่,ไม่,ไม่,ไม่,ไม่,ไม่,ไม่,ไม่,หลาน,บุตร/หลาน
ภาคกลาง,ชลบุรี,บ้านบึง,บ้านบึง,หญิง,16.0,วัยรุ่น 13 - 18 ปี,โสด,ไม่ระบุ,ใช่,ไม่,ไม่,ใช่,ไม่,ไม่,ไม่,ไม่,ไม่,ไม่,บิดา,ผู้ปกครอง/เครือญาติ
ภาคกลาง,ชลบุรี,บางละมุง,นาเกลือ,หญิง,8.0,วัยเด็กตอนกลาง 7 - 12 ปี,โสด,ไม่ระบุ,ใช่,ไม่,ไม่,ไม่,ไม่,ไม่,ไม่,ไม่,ไม่,ใช่,ปู่,ผู้ปกครอง/เครือญาติ
ภาคกลาง,ชลบุรี,ศรีราชา,บ่อวิน,ชาย,70.0,วัยสูงอายุ 60 ปีขึ้นไป,แยกกันอยู่,จดทะเบียนหย่า,ไม่,ไม่,ใช่,ไม่,ไม่,ไม่,ไม่,ไม่,ไม่,ไม่,"คู่ชีวิต,สามี",คู่สมรส/คู่รัก
ภาคกลาง,ชัยนาท,วัดสิงห์,มะขามเฒ่า,หญิง,50.0,วัยกลางคน 36 - 59 ปี,สมรส,ยังไม่ได้จดทะเบียนสมรส,ใช่,ไม่,ไม่,ใช่,ไม่,ไม่,ไม่,ไม่,ไม่,ไม่,"คู่ชีวิต,สามี",คู่สมรส/คู่รัก
ภาคกลาง,ชัยนาท,เนินขาม,เนินขาม,หญิง,69.0,วัยสูงอายุ 60 ปีขึ้นไป,หม้าย (กรณีคู่สมรสเสียชีวิต),ไม่ระบุ,ไม่,ไม่,ไม่,ใช่,ไม่,ไม่,ไม่,ไม่,ไม่,ไม่,ลูกเขย,บุตร/หลาน
ภาคกลาง,ชัยนาท,เนินขาม,เนินขาม,หญิง,25.0,วัยผู้ใหญ่ตอนต้น 19 - 35 ปี,แยกกันอยู่,จดทะเบียนหย่า,ไม่,ไม่,ไม่,ใช่,ไม่,ใช่,ไม่,ไม่,ไม่,ไม่,"คู่ชีวิต,อดีตสามี",คู่สมรส/คู่รัก
ภาคกลาง,ชัยนาท,สรรพยา,บางหลวง,หญิง,11.0,วัยเด็กตอนกลาง 7 - 12 ปี,โสด,ไม่ระบุ,ไม่,ใช่,ไม่,ไม่,ไม่,ไม่,ไม่,ใช่,ไม่,ไม่,บุตร,บุตร/หลาน
ภาคกลาง,ชัยนาท,เมืองชัยนาท,เสือโฮก,หญิง,31.0,วัยผู้ใหญ่ตอนต้น 19 - 35 ปี,แยกกันอยู่,จดทะเบียนหย่า,ไม่,ใช่,ไม่,ไม่,ไม่,ไม่,ไม่,ใช่,ไม่,ไม่,"คู่ชีวิต,อดีตภรรยา",คู่สมรส/คู่รัก
ภาคกลาง,ชัยนาท,สรรคบุรี,แพรกศรีราชา,หญิง,5.0,วัยเด็กเล็กแรกเกิด - 6 ปี,โสด,ไม่ระบุ,ใช่,ใช่,ไม่,ไม่,ไม่,ไม่,ไม่,ไม่,ไม่,ไม่,อื่นๆ อดีตพี่เขย,พี่น้อง/ญาติ
ภาคกลาง,ชัยนาท,สรรคบุรี,แพรกศรีราชา,หญิง,8.0,วัยเด็กตอนกลาง 7 - 12 ปี,โสด,ไม่ระบุ,ใช่,ใช่,ไม่,ไม่,ไม่,ไม่,ไม่,ไม่,ไม่,ไม่,อื่นๆ อดีตพี่เขย,พี่น้อง/ญาติ
ภาคกลาง,ชัยนาท,หนองมะโมง,สะพานหิน,หญิง,63.0,วัยสูงอายุ 60 ปีขึ้นไป,หม้าย (กรณีคู่สมรสเสียชีวิต),ไม่ระบุ,ไม่,ไม่,ไม่,ไม่,ไม่,ไม่,ไม่,ใช่,ไม่,ไม่,หลาน,บุตร/หลาน
ภาคกลาง,ชัยนาท,เนินขาม,เนินขาม,หญิง,8.0,วัยเด็กตอนกลาง 7 - 12 ปี,โสด,ไม่ระบุ,ไม่,ใช่,ไม่,ไม่,ไม่,ไม่,ไม่,ไม่,ไม่,ไม่,บิดา,ผู้ปกครอง/เครือญาติ
ภาคกลาง,ชัยนาท,สรรพยา,หาดอาษา,ชาย,14.0,วัยรุ่น 13 - 18 ปี,โสด,ไม่ระบุ,ไม่,ไม่,ไม่,ใช่,ไม่,ไม่,ไม่,ไม่,ไม่,ไม่,บุตร,บุตร/หลาน
ภาคกลาง,ตราด,เมืองตราด,หนองโสน,หญิง,84.0,วัยสูงอายุ 60 ปีขึ้นไป,หม้าย (กรณีคู่สมรสเสียชีวิต),ไม่ระบุ,ไม่,ไม่,ใช่,ใช่,ไม่,ไม่,ไม่,ไม่,ไม่,ไม่,ย่า,ผู้ปกครอง/เครือญาติ
ภาคกลาง,ตราด,บ่อไร่,หนองบอน,ชาย,62.0,วัยสูงอายุ 60 ปีขึ้นไป,สมรส,ยังไม่ได้จดทะเบียนสมรส,ใช่,ไม่,ไม่,ไม่,ไม่,ไม่,ไม่,ไม่,ไม่,ใช่,บุตร,บุตร/หลาน
ภาคกลาง,ตราด,เขาสมิง,แสนตุ้ง,หญิง,9.0,วัยเด็กตอนกลาง 7 - 12 ปี,โสด,ไม่ระบุ,ไม่,ไม่,ไม่,ใช่,ไม่,ไม่,ไม่,ไม่,ไม่,ไม่,พ่อเลี้ยง,พ่อเลี้ยง/แม่เลี้ยง
ภาคกลาง,ตราด,เมืองตราด,วังกระแจะ,หญิง,27.0,วัยผู้ใหญ่ตอนต้น 19 - 35 ปี,สมรส,ยังไม่ได้จดทะเบียนสมรส,ใช่,ไม่,ไม่,ใช่,ไม่,ไม่,ไม่,ไม่,ไม่,ไม่,"คู่ชีวิต,สามี",คู่สมรส/คู่รัก
ภาคกลาง,นครนายก,เมืองนครนายก,หินตั้ง,หญิง,77.0,วัยสูงอายุ 60 ปีขึ้นไป,หม้าย (กรณีคู่สมรสเสียชีวิต),ไม่ระบุ,ไม่,ใช่,ไม่,ไม่,ไม่,ไม่,ไม่,ไม่,ไม่,ไม่,บุตร,บุตร/หลาน
ภาคกลาง,นครนายก,ปากพลี,ปากพลี,หญิง,11.0,วัยเด็กตอนกลาง 7 - 12 ปี,โสด,ไม่ระบุ,ไม่,ไม่,ใช่,ไม่,ไม่,ไม่,ไม่,ไม่,ไม่,ไม่,พ่อเลี้ยง,พ่อเลี้ยง/แม่เลี้ยง
ภาคกลาง,นครนายก,ปากพลี,ปากพลี,หญิง,9.0,วัยเด็กตอนกลาง 7 - 12 ปี,โสด,ไม่ระบุ,ไม่,ไม่,ใช่,ไม่,ไม่,ไม่,ไม่,ไม่,ไม่,ไม่,พ่อเลี้ยง,พ่อเลี้ยง/แม่เลี้ยง
ภาคกลาง,นครนายก,บ้านนา,ศรีกะอาง,หญิง,13.0,วัยรุ่น 13 - 18 ปี,โสด,ไม่ระบุ,ไม่,ไม่,ใช่,ไม่,ไม่,ไม่,ไม่,ไม่,ไม่,ไม่,พ่อเลี้ยง,พ่อเลี้ยง/แม่เลี้ยง
ภาคกลาง,นครนายก,องครักษ์,องครักษ์,ชาย,5.0,วัยเด็กเล็กแรกเกิด - 6 ปี,โสด,ไม่ระบุ,ไม่,ไม่,ไม่,ใช่,ไม่,ไม่,ไม่,ไม่,ไม่,ไม่,มารดา,ผู้ปกครอง/เครือญาติ
ภาคกลาง,นครนายก,บ้านนา,ทองหลาง,หญิง,34.0,วัยผู้ใหญ่ตอนต้น 19 - 35 ปี,สมรส,ยังไม่ได้จดทะเบียนสมรส,ไม่,ไม่,ไม่,ไม่,ใช่,ไม่,ไม่,ไม่,ไม่,ไม่,"คู่ชีวิต,ภรรยา",คู่สมรส/คู่รัก
ภาคกลาง,นนทบุรี,ไทรน้อย,ไทรน้อย,หญิง,27.0,วัยผู้ใหญ่ตอนต้น 19 - 35 ปี,สมรส,ยังไม่ได้จดทะเบียนสมรส,ใช่,ไม่,ไม่,ไม่,ไม่,ไม่,ไม่,ไม่,ไม่,ไม่,"คู่ชีวิต,สามี",คู่สมรส/คู่รัก
ภาคกลาง,นนทบุรี,บางใหญ่,บางแม่นาง,หญิง,15.0,วัยรุ่น 13 - 18 ปี,โสด,ไม่ระบุ,ไม่,ไม่,ใช่,ใช่,ไม่,ไม่,ไม่,ไม่,ไม่,ใช่,ยาย,ผู้ปกครอง/เครือญาติ
ภาคกลาง,นนทบุรี,บางบัวทอง,บางคูรัด,หญิง,45.0,วัยกลางคน 36 - 59 ปี,สมรส,ยังไม่ได้จดทะเบียนสมรส,ไม่,ไม่,ใช่,ไม่,ใช่,ไม่,ไม่,ไม่,ไม่,ไม่,"คู่ชีวิต,สามี",คู่สมรส/คู่รัก
ภาคกลาง,นนทบุรี,เมืองนนทบุรี,บางศรีเมือง,หญิง,13.0,วัยรุ่น 13 - 18 ปี,โสด,ไม่ระบุ,ไม่,ไม่,ไม่,ใช่,ไม่,ไม่,ไม่,ไม่,ไม่,ไม่,มารดา,ผู้ปกครอง/เครือญาติ
ภาคกลาง,นนทบุรี,ปากเกร็ด,บางพูด,หญิง,13.0,วัยรุ่น 13 - 18 ปี,โสด,ไม่ระบุ,ไม่,ไม่,ไม่,ใช่,ไม่,ไม่,ไม่,ไม่,ไม่,ไม่,บิดา,ผู้ปกครอง/เครือญาติ
ภาคกลาง,นนทบุรี,บางใหญ่,บางแม่นาง,ชาย,16.0,วัยรุ่น 13 - 18 ปี,โสด,ไม่ระบุ,ไม่,ไม่,ไม่,ไม่,ไม่,ไม่,ไม่,ใช่,ไม่,ไม่,มารดา,ผู้ปกครอง/เครือญาติ
ภาคกลาง,นนทบุรี,ปากเกร็ด,คลองเกลือ,หญิง,17.0,วัยรุ่น 13 - 18 ปี,โสด,ไม่ระบุ,ไม่,ไม่,ไม่,ใช่,ไม่,ไม่,ไม่,ไม่,ไม่,ไม่,มารดา,ผู้ปกครอง/เครือญาติ
ภาคกลาง,นนทบุรี,เมืองนนทบุรี,บางกระสอ,หญิง,29.0,วัยผู้ใหญ่ตอนต้น 19 - 35 ปี,สมรส,ยังไม่ได้จดทะเบียนสมรส,ไม่,ไม่,ไม่,ไม่,ใช่,ไม่,ไม่,ไม่,ไม่,ไม่,อื่นๆ อดีตสามี,คู่สมรส/คู่รัก
ภาคกลาง,นนทบุรี,เมืองนนทบุรี,ไทรม้า,หญิง,79.0,วัยสูงอายุ 60 ปีขึ้นไป,หม้าย (กรณีคู่สมรสเสียชีวิต),ไม่ระบุ,ไม่,ไม่,ใช่,ไม่,ไม่,ไม่,ไม่,ไม่,ไม่,ไม่,อื่นๆ ไม่มี,อื่น ๆ
ภาคกลาง,นนทบุรี,เมืองนนทบุรี,บางศรีเมือง,ชาย,59.0,วัยกลางคน 36 - 59 ปี,สมรส,ยังไม่ได้จดทะเบียนสมรส,ไม่,ไม่,ไม่,ไม่,ไม่,ไม่,ไม่,ไม่,ไม่,ใช่,"คู่ชีวิต,ภรรยา",คู่สมรส/คู่รัก
ภาคกลาง,นนทบุรี,เมืองนนทบุรี,บางเขน,ชาย,9.0,วัยเด็กตอนกลาง 7 - 12 ปี,โสด,ไม่ระบุ,ไม่,ไม่,ใช่,ไม่,ไม่,ไม่,ไม่,ไม่,ไม่,ไม่,บิดา,ผู้ปกครอง/เครือญาติ
ภาคกลาง,ปทุมธานี,เมืองปทุมธานี,บางปรอก,หญิง,33.0,วัยผู้ใหญ่ตอนต้น 19 - 35 ปี,สมรส,จดทะเบียนสมรสแล้ว,ไม่,ไม่,ไม่,ไม่,ใช่,ไม่,ไม่,ไม่,ไม่,ใช่,"คู่ชีวิต,ภรรยา",คู่สมรส/คู่รัก
ภาคกลาง,ปทุมธานี,ธัญบุรี,ประชาธิปัตย์,หญิง,42.0,วัยกลางคน 36 - 59 ปี,แยกกันอยู่,ยังไม่ได้จดทะเบียนหย่า,ใช่,ใช่,ไม่,ไม่,ไม่,ไม่,ใช่,ใช่,ไม่,ไม่,มารดา,ผู้ปกครอง/เครือญาติ
ภาคกลาง,ประจวบคีรีขันธ์,กุยบุรี,ดอนยายหนู,หญิง,25.0,วัยผู้ใหญ่ตอนต้น 19 - 35 ปี,สมรส,ยังไม่ได้จดทะเบียนสมรส,ใช่,ไม่,ไม่,ไม่,ไม่,ไม่,ไม่,ไม่,ไม่,ไม่,"คู่ชีวิต,สามี",คู่สมรส/คู่รัก
ภาคกลาง,ประจวบคีรีขันธ์,สามร้อยยอด,ไร่เก่า,หญิง,32.0,วัยผู้ใหญ่ตอนต้น 19 - 35 ปี,สมรส,ยังไม่ได้จดทะเบียนสมรส,ไม่,ไม่,ไม่,ไม่,ใช่,ไม่,ไม่,ไม่,ไม่,ไม่,"คู่ชีวิต,สามี",คู่สมรส/คู่รัก
ภาคกลาง,ปราจีนบุรี,ศรีมหาโพธิ,ท่าตูม,หญิง,38.0,วัยกลางคน 36 - 59 ปี,สมรส,จดทะเบียนสมรสแล้ว,ใช่,ไม่,ไม่,ไม่,ใช่,ไม่,ไม่,ไม่,ไม่,ไม่,"คู่ชีวิต,ภรรยา",คู่สมรส/คู่รัก
ภาคกลาง,พระนครศรีอยุธยา,อุทัย,คานหาม,หญิง,52.0,วัยกลางคน 36 - 59 ปี,โสด,ไม่ระบุ,ไม่,ใช่,ไม่,ไม่,ไม่,ไม่,ไม่,ไม่,ไม่,ไม่,พี่น้อง/ลูกพี่ลูกน้อง,บุตร/หลาน
ภาคกลาง,พระนครศรีอยุธยา,บางปะอิน,วัดยม,หญิง,12.0,วัยเด็กตอนกลาง 7 - 12 ปี,โสด,ไม่ระบุ,ไม่,ไม่,ไม่,ใช่,ไม่,ไม่,ไม่,ไม่,ไม่,ไม่,บุตร,บุตร/หลาน
ภาคกลาง,พระนครศรีอยุธยา,มหาราช,บ้านขวาง,หญิง,58.0,วัยกลางคน 36 - 59 ปี,สมรส,ยังไม่ได้จดทะเบียนสมรส,ไม่,ใช่,ไม่,ไม่,ไม่,ไม่,ไม่,ไม่,ไม่,ไม่,"คู่ชีวิต,ภรรยา",คู่สมรส/คู่รัก
ภาคกลาง,พระนครศรีอยุธยา,บางบาล,บ้านกุ่ม,หญิง,73.0,วัยสูงอายุ 60 ปีขึ้นไป,โสด,ไม่ระบุ,ใช่,ใช่,ใช่,ไม่,ไม่,ไม่,ไม่,ไม่,ไม่,ไม่,หลาน,บุตร/หลาน
ภาคกลาง,พระนครศรีอยุธยา,บางปะอิน,บ้านเลน,ชาย,67.0,วัยสูงอายุ 60 ปีขึ้นไป,โสด,ไม่ระบุ,ไม่,ไม่,ไม่,ใช่,ไม่,ไม่,ใช่,ใช่,ไม่,ไม่,พี่น้อง/ลูกพี่ลูกน้อง,บุตร/หลาน
ภาคกลาง,พระนครศรีอยุธยา,เมืองพระนครศรีอยุธยา,ไผ่ลิง,ชาย,66.0,วัยสูงอายุ 60 ปีขึ้นไป,สมรส,ยังไม่ได้จดทะเบียนสมรส,ไม่,ใช่,ไม่,ไม่,ไม่,ไม่,ไม่,ใช่,ไม่,ไม่,ลูกเลี้ยง,บุตร/หลาน
ภาคกลาง,พระนครศรีอยุธยา,บางปะอิน,ตลาดเกรียบ,หญิง,10.0,วัยเด็กตอนกลาง 7 - 12 ปี,โสด,ไม่ระบุ,ไม่,ไม่,ไม่,ใช่,ไม่,ไม่,ไม่,ไม่,ไม่,ใช่,บุตร,บุตร/หลาน
ภาคกลาง,พระนครศรีอยุธยา,นครหลวง,บ่อโพง,หญิง,62.0,วัยสูงอายุ 60 ปีขึ้นไป,หม้าย (กรณีคู่สมรสเสียชีวิต),ไม่ระบุ,ใช่,ใช่,ไม่,ไม่,ใช่,ไม่,ไม่,ไม่,ไม่,ไม่,อื่นๆ แฟนใหม่,คู่สมรส/คู่รัก
ภาคกลาง,พระนครศรีอยุธยา,วังน้อย,สนับทึบ,หญิง,28.0,วัยผู้ใหญ่ตอนต้น 19 - 35 ปี,โสด,ไม่ระบุ,ไม่,ไม่,ไม่,ไม่,ไม่,ไม่,ไม่,ใช่,ไม่,ไม่,บุตร,บุตร/หลาน
ภาคกลาง,ระยอง,บ้านค่าย,หนองบัว,หญิง,34.0,วัยผู้ใหญ่ตอนต้น 19 - 35 ปี,โสด,ไม่ระบุ,ไม่,ใช่,ไม่,ไม่,ใช่,ไม่,ไม่,ไม่,ไม่,ไม่,"คู่ชีวิต,อดีตสามี",คู่สมรส/คู่รัก
ภาคกลาง,ระยอง,เมืองระยอง,เชิงเนิน,หญิง,55.0,วัยกลางคน 36 - 59 ปี,หม้าย (กรณีคู่สมรสเสียชีวิต),ไม่ระบุ,ไม่,ไม่,ไม่,ใช่,ไม่,ไม่,ไม่,ไม่,ไม่,ไม่,บุตร,บุตร/หลาน
ภาคกลาง,ระยอง,บ้านค่าย,หนองบัว,ชาย,64.0,วัยสูงอายุ 60 ปีขึ้นไป,สมรส,จดทะเบียนสมรสแล้ว,ไม่,ไม่,ไม่,ใช่,ไม่,ไม่,ไม่,ใช่,ไม่,ไม่,บุตร,บุตร/หลาน
ภาคกลาง,ระยอง,เมืองระยอง,เชิงเนิน,หญิง,53.0,วัยกลางคน 36 - 59 ปี,โสด,ไม่ระบุ,ไม่,ใช่,ไม่,ใช่,ไม่,ไม่,ไม่,ไม่,ไม่,ไม่,ลูกเขย,บุตร/หลาน
ภาคกลาง,ระยอง,แกลง,วังหว้า,หญิง,43.0,วัยกลางคน 36 - 59 ปี,สมรส,ยังไม่ได้จดทะเบียนสมรส,ใช่,ไม่,ไม่,ไม่,ใช่,ไม่,ไม่,ใช่,ไม่,ไม่,"คู่ชีวิต,สามี",คู่สมรส/คู่รัก
ภาคกลาง,ระยอง,เมืองระยอง,เนินพระ,หญิง,32.0,วัยผู้ใหญ่ตอนต้น 19 - 35 ปี,แยกกันอยู่,ยังไม่ได้จดทะเบียนหย่า,ไม่,ไม่,ใช่,ใช่,ไม่,ไม่,ไม่,ไม่,ไม่,ไม่,"คู่ชีวิต,สามี",คู่สมรส/คู่รัก
ภาคกลาง,ระยอง,เมืองระยอง,ปากน้ำ,ชาย,59.0,วัยกลางคน 36 - 59 ปี,สมรส,จดทะเบียนสมรสแล้ว,ไม่,ไม่,ไม่,ไม่,ไม่,ไม่,ไม่,ใช่,ไม่,ไม่,บุตร,บุตร/หลาน
ภาคกลาง,ระยอง,เมืองระยอง,เชิงเนิน,หญิง,73.0,วัยสูงอายุ 60 ปีขึ้นไป,หม้าย (กรณีคู่สมรสเสียชีวิต),ไม่ระบุ,ไม่,ใช่,ไม่,ใช่,ไม่,ไม่,ไม่,ไม่,ไม่,ไม่,หลาน,บุตร/หลาน
ภาคกลาง,ระยอง,เมืองระยอง,เนินพระ,หญิง,60.0,วัยสูงอายุ 60 ปีขึ้นไป,สมรส,จดทะเบียนสมรสแล้ว,ไม่,ใช่,ไม่,ใช่,ไม่,ไม่,ไม่,ไม่,ไม่,ไม่,ยาย,ผู้ปกครอง/เครือญาติ
ภาคกลาง,ระยอง,เมืองระยอง,ตะพง,หญิง,82.0,วัยสูงอายุ 60 ปีขึ้นไป,หม้าย (กรณีคู่สมรสเสียชีวิต),ไม่ระบุ,ไม่,ใช่,ใช่,ใช่,ไม่,ไม่,ไม่,ไม่,ไม่,ไม่,ย่า,ผู้ปกครอง/เครือญาติ
ภาคกลาง,ราชบุรี,เมืองราชบุรี,เจดีย์หัก,ชาย,43.0,วัยกลางคน 36 - 59 ปี,โสด,ไม่ระบุ,ไม่,ไม่,ไม่,ไม่,ไม่,ไม่,ใช่,ไม่,ไม่,ใช่,หลาน,บุตร/หลาน
ภาคกลาง,ราชบุรี,วัดเพลง,เกาะศาลพระ,หญิง,40.0,วัยกลางคน 36 - 59 ปี,สมรส,ยังไม่ได้จดทะเบียนสมรส,ไม่,ไม่,ไม่,ใช่,ไม่,ไม่,ไม่,ไม่,ไม่,ใช่,"คู่ชีวิต,ภรรยา",คู่สมรส/คู่รัก
ภาคกลาง,ราชบุรี,โพธาราม,เตาปูน,หญิง,32.0,วัยผู้ใหญ่ตอนต้น 19 - 35 ปี,สมรส,จดทะเบียนสมรสแล้ว,ไม่,ไม่,ไม่,ใช่,ใช่,ไม่,ไม่,ไม่,ไม่,ไม่,"คู่ชีวิต,ภรรยา",คู่สมรส/คู่รัก
ภาคกลาง,ราชบุรี,บ้านโป่ง,หนองกบ,หญิง,27.0,วัยผู้ใหญ่ตอนต้น 19 - 35 ปี,สมรส,ยังไม่ได้จดทะเบียนสมรส,ไม่,ใช่,ใช่,ไม่,ไม่,ไม่,ไม่,ไม่,ไม่,ไม่,"คู่ชีวิต,ภรรยา",คู่สมรส/คู่รัก
ภาคกลาง,ราชบุรี,เมืองราชบุรี,หน้าเมือง,ชาย,12.0,วัยเด็กตอนกลาง 7 - 12 ปี,โสด,ไม่ระบุ,ไม่,ไม่,ใช่,ไม่,ไม่,ไม่,ไม่,ไม่,ไม่,ไม่,บุตร,บุตร/หลาน
ภาคกลาง,ราชบุรี,เมืองราชบุรี,พิกุลทอง,ไม่ระบุเพศ,17.0,วัยรุ่น 13 - 18 ปี,โสด,ไม่ระบุ,ไม่,ไม่,ไม่,ไม่,ไม่,ไม่,ไม่,ไม่,ใช่,ไม่,บุตร,บุตร/หลาน
ภาคกลาง,ราชบุรี,โพธาราม,หนองโพ,หญิง,17.0,วัยรุ่น 13 - 18 ปี,โสด,ไม่ระบุ,ไม่,ไม่,ใช่,ไม่,ไม่,ไม่,ไม่,ไม่,ไม่,ไม่,บุตร,บุตร/หลาน
ภาคกลาง,ราชบุรี,โพธาราม,หนองโพ,หญิง,15.0,วัยรุ่น 13 - 18 ปี,โสด,ไม่ระบุ,ไม่,ไม่,ใช่,ไม่,ไม่,ไม่,ไม่,ไม่,ไม่,ไม่,บุตร,บุตร/หลาน
ภาคกลาง,ราชบุรี,บางแพ,ดอนใหญ่,ชาย,15.0,วัยรุ่น 13 - 18 ปี,โสด,ไม่ระบุ,ไม่,ไม่,ไม่,ไม่,ไม่,ไม่,ไม่,ใช่,ไม่,ไม่,บุตร,บุตร/หลาน
ภาคกลาง,ราชบุรี,โพธาราม,เจ็ดเสมียน,หญิง,17.0,วัยรุ่น 13 - 18 ปี,โสด,ไม่ระบุ,ใช่,ใช่,ใช่,ไม่,ไม่,ไม่,ไม่,ไม่,ไม่,ไม่,บุตร,บุตร/หลาน
ภาคกลาง,ราชบุรี,วัดเพลง,วัดเพลง,หญิง,11.0,วัยเด็กตอนกลาง 7 - 12 ปี,โสด,ไม่ระบุ,ไม่,ไม่,ใช่,ไม่,ไม่,ไม่,ไม่,ไม่,ไม่,ใช่,มารดา,ผู้ปกครอง/เครือญาติ
ภาคกลาง,ราชบุรี,เมืองราชบุรี,หน้าเมือง,หญิง,8.0,วัยเด็กตอนกลาง 7 - 12 ปี,โสด,ไม่ระบุ,ไม่,ไม่,ใช่,ใช่,ไม่,ไม่,ไม่,ไม่,ไม่,ไม่,ย่า,ผู้ปกครอง/เครือญาติ
ภาคกลาง,ราชบุรี,บ้านโป่ง,ลาดบัวขาว,ชาย,8.0,วัยเด็กตอนกลาง 7 - 12 ปี,โสด,ไม่ระบุ,ใช่,ใช่,ไม่,ไม่,ไม่,ไม่,ไม่,ไม่,ไม่,ไม่,บิดา,ผู้ปกครอง/เครือญาติ
ภาคกลาง,ราชบุรี,บ้านโป่ง,ลาดบัวขาว,ชาย,9.0,วัยเด็กตอนกลาง 7 - 12 ปี,โสด,ไม่ระบุ,ใช่,ใช่,ไม่,ไม่,ไม่,ไม่,ไม่,ไม่,ไม่,ไม่,บิดา,ผู้ปกครอง/เครือญาติ
ภาคกลาง,ราชบุรี,เมืองราชบุรี,เกาะพลับพลา,หญิง,58.0,วัยกลางคน 36 - 59 ปี,สมรส,ยังไม่ได้จดทะเบียนสมรส,ใช่,ใช่,ใช่,ไม่,ไม่,ไม่,ไม่,ไม่,ไม่,ไม่,"คู่ชีวิต,สามี",คู่สมรส/คู่รัก
ภาคกลาง,ราชบุรี,โพธาราม,บ้านเลือก,หญิง,31.0,วัยผู้ใหญ่ตอนต้น 19 - 35 ปี,แยกกันอยู่,ยังไม่ได้จดทะเบียนหย่า,ไม่,ไม่,ไม่,ใช่,ใช่,ไม่,ไม่,ไม่,ไม่,ไม่,"คู่ชีวิต,สามี",คู่สมรส/คู่รัก
ภาคกลาง,ราชบุรี,บ้านโป่ง,ปากแรต,หญิง,13.0,วัยรุ่น 13 - 18 ปี,โสด,ไม่ระบุ,ไม่,ไม่,ใช่,ใช่,ไม่,ไม่,ไม่,ไม่,ไม่,ไม่,บุตร,บุตร/หลาน
ภาคกลาง,ราชบุรี,จอมบึง,จอมบึง,หญิง,13.0,วัยรุ่น 13 - 18 ปี,โสด,ไม่ระบุ,ไม่,ไม่,ใช่,ไม่,ไม่,ไม่,ไม่,ไม่,ไม่,ไม่,บุตร,บุตร/หลาน
ภาคกลาง,ราชบุรี,เมืองราชบุรี,พิกุลทอง,หญิง,24.0,วัยผู้ใหญ่ตอนต้น 19 - 35 ปี,สมรส,ยังไม่ได้จดทะเบียนสมรส,ไม่,ใช่,ไม่,ไม่,ใช่,ไม่,ไม่,ไม่,ไม่,ไม่,"คู่ชีวิต,สามี",คู่สมรส/คู่รัก
ภาคกลาง,ราชบุรี,ปากท่อ,ห้วยยางโทน,หญิง,19.0,วัยผู้ใหญ่ตอนต้น 19 - 35 ปี,สมรส,ยังไม่ได้จดทะเบียนสมรส,ไม่,ไม่,ไม่,ใช่,ไม่,ไม่,ไม่,ไม่,ไม่,ไม่,"คู่ชีวิต,สามี",คู่สมรส/คู่รัก
ภาคกลาง,ราชบุรี,จอมบึง,ด่านทับตะโก,หญิง,29.0,วัยผู้ใหญ่ตอนต้น 19 - 35 ปี,สมรส,ยังไม่ได้จดทะเบียนสมรส,ไม่,ไม่,ใช่,ไม่,ใช่,ไม่,ไม่,ไม่,ไม่,ไม่,"คู่ชีวิต,สามี",คู่สมรส/คู่รัก
ภาคกลาง,ราชบุรี,จอมบึง,ปากช่อง,หญิง,11.0,วัยเด็กตอนกลาง 7 - 12 ปี,โสด,ไม่ระบุ,ไม่,ไม่,ใช่,ไม่,ไม่,ไม่,ไม่,ไม่,ไม่,ไม่,พ่อเลี้ยง,พ่อเลี้ยง/แม่เลี้ยง
ภาคกลาง,ราชบุรี,เมืองราชบุรี,ดอนตะโก,หญิง,39.0,วัยกลางคน 36 - 59 ปี,สมรส,ยังไม่ได้จดทะเบียนสมรส,ไม่,ใช่,ไม่,ไม่,ใช่,ไม่,ไม่,ไม่,ไม่,ไม่,"คู่ชีวิต,สามี",คู่สมรส/คู่รัก
ภาคกลาง,ราชบุรี,โพธาราม,หนองกวาง,หญิง,25.0,วัยผู้ใหญ่ตอนต้น 19 - 35 ปี,สมรส,ยังไม่ได้จดทะเบียนสมรส,ใช่,ใช่,ไม่,ไม่,ใช่,ไม่,ไม่,ไม่,ไม่,ไม่,"คู่ชีวิต,สามี",คู่สมรส/คู่รัก
ภาคกลาง,ราชบุรี,บ้านโป่ง,เขาขลุง,หญิง,65.0,วัยสูงอายุ 60 ปีขึ้นไป,หม้าย (กรณีคู่สมรสเสียชีวิต),ไม่ระบุ,ไม่,ใช่,ไม่,ไม่,ไม่,ไม่,ไม่,ไม่,ไม่,ไม่,บุตร,บุตร/หลาน
ภาคกลาง,ราชบุรี,บ้านคา,บ้านคา,ชาย,30.0,วัยผู้ใหญ่ตอนต้น 19 - 35 ปี,โสด,ไม่ระบุ,ไม่,ใช่,ไม่,ไม่,ไม่,ไม่,ไม่,ใช่,ไม่,ไม่,หลาน,บุตร/หลาน
ภาคกลาง,ราชบุรี,โพธาราม,โพธาราม,หญิง,48.0,วัยกลางคน 36 - 59 ปี,แยกกันอยู่,ยังไม่ได้จดทะเบียนหย่า,ใช่,ไม่,ไม่,ใช่,ไม่,ไม่,ไม่,ใช่,ไม่,ไม่,หลาน,บุตร/หลาน
ภาคกลาง,ราชบุรี,เมืองราชบุรี,หนองกลางนา,หญิง,5.0,วัยเด็กเล็กแรกเกิด - 6 ปี,โสด,ไม่ระบุ,ใช่,ใช่,ใช่,ไม่,ไม่,ไม่,ไม่,ไม่,ไม่,ไม่,บิดา,ผู้ปกครอง/เครือญาติ
ภาคกลาง,ราชบุรี,โพธาราม,เตาปูน,หญิง,18.0,วัยรุ่น 13 - 18 ปี,โสด,ไม่ระบุ,ไม่,ไม่,ใช่,ใช่,ไม่,ไม่,ไม่,ไม่,ไม่,ไม่,แม่เลี้ยง,พ่อเลี้ยง/แม่เลี้ยง
ภาคกลาง,ราชบุรี,ดำเนินสะดวก,แพงพวย,ชาย,34.0,วัยผู้ใหญ่ตอนต้น 19 - 35 ปี,สมรส,ยังไม่ได้จดทะเบียนสมรส,ไม่,ไม่,ใช่,ไม่,ไม่,ใช่,ไม่,ไม่,ไม่,ไม่,"คู่ชีวิต,ภรรยา",คู่สมรส/คู่รัก
ภาคกลาง,ราชบุรี,โพธาราม,ชำแระ,หญิง,9.0,วัยเด็กตอนกลาง 7 - 12 ปี,โสด,ไม่ระบุ,ไม่,ไม่,ใช่,ไม่,ไม่,ไม่,ไม่,ไม่,ไม่,ใช่,ตา,ผู้ปกครอง/เครือญาติ
ภาคกลาง,ราชบุรี,เมืองราชบุรี,ดอนตะโก,หญิง,43.0,วัยกลางคน 36 - 59 ปี,สมรส,จดทะเบียนสมรสแล้ว,ไม่,ไม่,ใช่,ไม่,ไม่,ไม่,ไม่,ไม่,ไม่,ไม่,"คู่ชีวิต,สามี",คู่สมรส/คู่รัก
ภาคกลาง,ราชบุรี,ดำเนินสะดวก,ดำเนินสะดวก,หญิง,68.0,วัยสูงอายุ 60 ปีขึ้นไป,หม้าย (กรณีคู่สมรสเสียชีวิต),ไม่ระบุ,ไม่,ไม่,ใช่,ไม่,ไม่,ไม่,ไม่,ใช่,ไม่,ไม่,มารดา,ผู้ปกครอง/เครือญาติ
ภาคกลาง,ราชบุรี,เมืองราชบุรี,เกาะพลับพลา,ชาย,63.0,วัยสูงอายุ 60 ปีขึ้นไป,สมรส,จดทะเบียนสมรสแล้ว,ไม่,ไม่,ใช่,ไม่,ไม่,ไม่,ไม่,ไม่,ไม่,ไม่,พี่น้อง/ลูกพี่ลูกน้อง,บุตร/หลาน
ภาคกลาง,ราชบุรี,เมืองราชบุรี,เกาะพลับพลา,หญิง,59.0,วัยกลางคน 36 - 59 ปี,สมรส,จดทะเบียนสมรสแล้ว,ไม่,ไม่,ใช่,ใช่,ไม่,ไม่,ไม่,ไม่,ไม่,ไม่,พี่น้อง/ลูกพี่ลูกน้อง,บุตร/หลาน
ภาคกลาง,ราชบุรี,โพธาราม,เขาชะงุ้ม,หญิง,17.0,วัยรุ่น 13 - 18 ปี,โสด,ไม่ระบุ,ไม่,ใช่,ใช่,ไม่,ไม่,ไม่,ไม่,ไม่,ไม่,ไม่,พี่น้อง/ลูกพี่ลูกน้อง,บุตร/หลาน
ภาคกลาง,ราชบุรี,บางแพ,วังเย็น,หญิง,66.0,วัยสูงอายุ 60 ปีขึ้นไป,หม้าย (กรณีคู่สมรสเสียชีวิต),ไม่ระบุ,ไม่,ใช่,ใช่,ไม่,ไม่,ไม่,ไม่,ใช่,ไม่,ไม่,มารดา,ผู้ปกครอง/เครือญาติ
ภาคกลาง,ราชบุรี,ปากท่อ,ดอนทราย,หญิง,18.0,วัยรุ่น 13 - 18 ปี,โสด,ไม่ระบุ,ไม่,ไม่,ใช่,ใช่,ไม่,ไม่,ไม่,ไม่,ไม่,ไม่,พ่อเลี้ยง,พ่อเลี้ยง/แม่เลี้ยง
ภาคกลาง,ราชบุรี,จอมบึง,เบิกไพร,หญิง,29.0,วัยผู้ใหญ่ตอนต้น 19 - 35 ปี,แยกกันอยู่,ยังไม่ได้จดทะเบียนหย่า,ใช่,ใช่,ใช่,ไม่,ไม่,ไม่,ไม่,ไม่,ไม่,ใช่,น้า,ผู้ปกครอง/เครือญาติ
ภาคกลาง,ราชบุรี,เมืองราชบุรี,น้ำพุ,หญิง,37.0,วัยกลางคน 36 - 59 ปี,สมรส,ยังไม่ได้จดทะเบียนสมรส,ใช่,ไม่,ใช่,ใช่,ไม่,ไม่,ไม่,ไม่,ไม่,ไม่,อื่นๆ มารดาสามี,คู่สมรส/คู่รัก
ภาคกลาง,ราชบุรี,วัดเพลง,วัดเพลง,หญิง,4.0,วัยเด็กเล็กแรกเกิด - 6 ปี,โสด,ไม่ระบุ,ไม่,ไม่,ใช่,ไม่,ไม่,ไม่,ไม่,ไม่,ไม่,ไม่,พ่อเลี้ยง,พ่อเลี้ยง/แม่เลี้ยง
ภาคกลาง,ราชบุรี,เมืองราชบุรี,สามเรือน,หญิง,33.0,วัยผู้ใหญ่ตอนต้น 19 - 35 ปี,แยกกันอยู่,ยังไม่ได้จดทะเบียนหย่า,ไม่,ใช่,ใช่,ไม่,ไม่,ไม่,ไม่,ไม่,ไม่,ไม่,"คู่ชีวิต,สามี",คู่สมรส/คู่รัก
ภาคกลาง,ราชบุรี,โพธาราม,คลองตาคต,หญิง,38.0,วัยกลางคน 36 - 59 ปี,สมรส,ยังไม่ได้จดทะเบียนสมรส,ไม่,ไม่,ไม่,ไม่,ใช่,ไม่,ไม่,ไม่,ไม่,ใช่,"คู่ชีวิต,สามี",คู่สมรส/คู่รัก
ภาคกลาง,ราชบุรี,จอมบึง,จอมบึง,หญิง,23.0,วัยผู้ใหญ่ตอนต้น 19 - 35 ปี,แยกกันอยู่,ยังไม่ได้จดทะเบียนหย่า,ไม่,ไม่,ไม่,ใช่,ใช่,ไม่,ไม่,ไม่,ไม่,ไม่,"คู่ชีวิต,อดีตสามี",คู่สมรส/คู่รัก
ภาคกลาง,ราชบุรี,เมืองราชบุรี,ดอนตะโก,หญิง,42.0,วัยกลางคน 36 - 59 ปี,สมรส,จดทะเบียนสมรสแล้ว,ใช่,ไม่,ใช่,ใช่,ใช่,ไม่,ไม่,ไม่,ไม่,ไม่,"คู่ชีวิต,สามี",คู่สมรส/คู่รัก
ภาคกลาง,ราชบุรี,โพธาราม,บ้านสิงห์,หญิง,45.0,วัยกลางคน 36 - 59 ปี,สมรส,ยังไม่ได้จดทะเบียนสมรส,ไม่,ไม่,ใช่,ไม่,ใช่,ไม่,ไม่,ไม่,ไม่,ไม่,"คู่ชีวิต,สามี",คู่สมรส/คู่รัก
ภาคกลาง,ราชบุรี,บ้านโป่ง,เขาขลุง,หญิง,12.0,วัยเด็กตอนกลาง 7 - 12 ปี,โสด,ไม่ระบุ,ไม่,ไม่,ใช่,ไม่,ไม่,ไม่,ไม่,ไม่,ไม่,ไม่,ปู่,ผู้ปกครอง/เครือญาติ
ภาคกลาง,ราชบุรี,จอมบึง,จอมบึง,หญิง,17.0,วัยรุ่น 13 - 18 ปี,โสด,ไม่ระบุ,ใช่,ไม่,ใช่,ไม่,ไม่,ไม่,ไม่,ไม่,ไม่,ไม่,ผู้ปกครอง,ผู้ปกครอง/เครือญาติ
ภาคกลาง,ลพบุรี,ชัยบาดาล,บ้านใหม่สามัคคี,ชาย,2.0,วัยเด็กเล็กแรกเกิด - 6 ปี,โสด,ไม่ระบุ,ไม่,ไม่,ไม่,ใช่,ไม่,ไม่,ไม่,ไม่,ไม่,ไม่,ย่า,ผู้ปกครอง/เครือญาติ
ภาคกลาง,ลพบุรี,ชัยบาดาล,บัวชุม,หญิง,72.0,วัยสูงอายุ 60 ปีขึ้นไป,หม้าย (กรณีคู่สมรสเสียชีวิต),ไม่ระบุ,ไม่,ใช่,ไม่,ไม่,ไม่,ไม่,ไม่,ใช่,ไม่,ไม่,บุตร,บุตร/หลาน
ภาคกลาง,ลพบุรี,เมืองลพบุรี,ท่าหิน,หญิง,21.0,วัยผู้ใหญ่ตอนต้น 19 - 35 ปี,แยกกันอยู่,ยังไม่ได้จดทะเบียนหย่า,ไม่,ไม่,ไม่,ใช่,ใช่,ไม่,ไม่,ไม่,ไม่,ไม่,"คู่ชีวิต,อดีตสามี",คู่สมรส/คู่รัก
ภาคกลาง,ลพบุรี,ชัยบาดาล,บ้านใหม่สามัคคี,ชาย,26.0,วัยผู้ใหญ่ตอนต้น 19 - 35 ปี,โสด,ไม่ระบุ,ไม่,ไม่,ไม่,ใช่,ไม่,ไม่,ไม่,ไม่,ไม่,ไม่,บุตร,บุตร/หลาน
ภาคกลาง,ลพบุรี,ชัยบาดาล,ท่ามะนาว,ชาย,65.0,วัยสูงอายุ 60 ปีขึ้นไป,สมรส,จดทะเบียนสมรสแล้ว,ใช่,ไม่,ไม่,ใช่,ไม่,ไม่,ไม่,ไม่,ไม่,ไม่,อื่นๆ พ่อตา,ผู้ปกครอง/เครือญาติ
ภาคกลาง,ลพบุรี,เมืองลพบุรี,ทะเลชุบศร,ชาย,58.0,วัยกลางคน 36 - 59 ปี,สมรส,จดทะเบียนสมรสแล้ว,ไม่,ไม่,ไม่,ใช่,ไม่,ไม่,ไม่,ไม่,ไม่,ไม่,"คู่ชีวิต,ภรรยา",คู่สมรส/คู่รัก
ภาคกลาง,ลพบุรี,เมืองลพบุรี,โคกกะเทียม,หญิง,79.0,วัยสูงอายุ 60 ปีขึ้นไป,หม้าย (กรณีคู่สมรสเสียชีวิต),ไม่ระบุ,ไม่,ไม่,ไม่,ไม่,ไม่,ไม่,ไม่,ไม่,ไม่,ใช่,บุตร,บุตร/หลาน
ภาคกลาง,สมุทรปราการ,เมืองสมุทรปราการ,สำโรงเหนือ,หญิง,20.0,วัยผู้ใหญ่ตอนต้น 19 - 35 ปี,โสด,ไม่ระบุ,ไม่,ไม่,ไม่,ไม่,ไม่,ไม่,ไม่,ไม่,ไม่,ใช่,"คู่ชีวิต,สามี",คู่สมรส/คู่รัก
ภาคกลาง,สมุทรสงคราม,เมืองสมุทรสงคราม,ลาดใหญ่,หญิง,25.0,วัยผู้ใหญ่ตอนต้น 19 - 35 ปี,โสด,ไม่ระบุ,ใช่,ไม่,ไม่,ไม่,ไม่,ไม่,ไม่,ไม่,ไม่,ไม่,พ่อเลี้ยง,พ่อเลี้ยง/แม่เลี้ยง
ภาคกลาง,สมุทรสาคร,เมืองสมุทรสาคร,บางหญ้าแพรก,หญิง,72.0,วัยสูงอายุ 60 ปีขึ้นไป,สมรส,ยังไม่ได้จดทะเบียนสมรส,ไม่,ไม่,ไม่,ไม่,ใช่,ไม่,ใช่,ไม่,ไม่,ไม่,"คู่ชีวิต,สามี",คู่สมรส/คู่รัก
ภาคกลาง,สมุทรสาคร,เมืองสมุทรสาคร,โกรกกราก,หญิง,44.0,วัยกลางคน 36 - 59 ปี,สมรส,ยังไม่ได้จดทะเบียนสมรส,ใช่,ไม่,ไม่,ใช่,ไม่,ใช่,ไม่,ไม่,ไม่,ไม่,"คู่ชีวิต,ภรรยา",คู่สมรส/คู่รัก
ภาคกลาง,สมุทรสาคร,กระทุ่มแบน,อ้อมน้อย,หญิง,15.0,วัยรุ่น 13 - 18 ปี,โสด,ไม่ระบุ,ไม่,ไม่,ใช่,ไม่,ไม่,ไม่,ไม่,ไม่,ไม่,ใช่,บุตร,บุตร/หลาน
ภาคกลาง,สมุทรสาคร,เมืองสมุทรสาคร,ท่าจีน,ชาย,21.0,วัยผู้ใหญ่ตอนต้น 19 - 35 ปี,โสด,ไม่ระบุ,ใช่,ไม่,ไม่,ไม่,ไม่,ไม่,ไม่,ไม่,ไม่,ไม่,บิดา,ผู้ปกครอง/เครือญาติ
ภาคกลาง,สระบุรี,พระพุทธบาท,พุคำจาน,ชาย,14.0,วัยรุ่น 13 - 18 ปี,โสด,ไม่ระบุ,ไม่,ไม่,ไม่,ใช่,ไม่,ไม่,ไม่,ไม่,ไม่,ไม่,อื่นๆ นักเรียน,อื่น ๆ
ภาคกลาง,สระบุรี,เฉลิมพระเกียรติ,หน้าพระลาน,หญิง,28.0,วัยผู้ใหญ่ตอนต้น 19 - 35 ปี,สมรส,จดทะเบียนสมรสแล้ว,ไม่,ใช่,ไม่,ไม่,ไม่,ไม่,ไม่,ไม่,ไม่,ไม่,"คู่ชีวิต,สามี",คู่สมรส/คู่รัก
ภาคกลาง,สระบุรี,มวกเหล็ก,มิตรภาพ,หญิง,24.0,วัยผู้ใหญ่ตอนต้น 19 - 35 ปี,โสด,ไม่ระบุ,ไม่,ไม่,ใช่,ไม่,ไม่,ไม่,ไม่,ไม่,ไม่,ไม่,น้า,ผู้ปกครอง/เครือญาติ
ภาคกลาง,สระบุรี,แก่งคอย,ตาลเดี่ยว,หญิง,41.0,วัยกลางคน 36 - 59 ปี,สมรส,ยังไม่ได้จดทะเบียนสมรส,ใช่,ใช่,ไม่,ไม่,ใช่,ไม่,ไม่,ไม่,ไม่,ไม่,"คู่ชีวิต,อดีตสามี",คู่สมรส/คู่รัก
ภาคกลาง,สระบุรี,เสาไห้,สวนดอกไม้,ชาย,7.0,วัยเด็กตอนกลาง 7 - 12 ปี,โสด,ไม่ระบุ,ไม่,ไม่,ไม่,ใช่,ไม่,ไม่,ไม่,ไม่,ไม่,ไม่,พี่น้อง/ลูกพี่ลูกน้อง,บุตร/หลาน
ภาคกลาง,สระบุรี,เมืองสระบุรี,ปากเพรียว,หญิง,51.0,วัยกลางคน 36 - 59 ปี,สมรส,ยังไม่ได้จดทะเบียนสมรส,ใช่,ไม่,ไม่,ไม่,ใช่,ไม่,ไม่,ไม่,ไม่,ไม่,ลูกเลี้ยง,บุตร/หลาน
ภาคกลาง,สระบุรี,วิหารแดง,หนองสรวง,หญิง,46.0,วัยกลางคน 36 - 59 ปี,สมรส,ยังไม่ได้จดทะเบียนสมรส,ใช่,ใช่,ไม่,ไม่,ใช่,ไม่,ไม่,ไม่,ไม่,ไม่,"คู่ชีวิต,สามี",คู่สมรส/คู่รัก
ภาคกลาง,สระบุรี,พระพุทธบาท,ห้วยป่าหวาย,หญิง,14.0,วัยรุ่น 13 - 18 ปี,โสด,ไม่ระบุ,ไม่,ไม่,ไม่,ใช่,ไม่,ไม่,ไม่,ไม่,ไม่,ไม่,อื่นๆ คนแปลกหน้า,อื่น ๆ
ภาคกลาง,สระบุรี,วังม่วง,วังม่วง,หญิง,2.0,วัยเด็กเล็กแรกเกิด - 6 ปี,โสด,ไม่ระบุ,ไม่,ใช่,ไม่,ไม่,ไม่,ไม่,ไม่,ไม่,ไม่,ใช่,บุตร,บุตร/หลาน
ภาคกลาง,สระบุรี,เฉลิมพระเกียรติ,หน้าพระลาน,หญิง,32.0,วัยผู้ใหญ่ตอนต้น 19 - 35 ปี,สมรส,ยังไม่ได้จดทะเบียนสมรส,ไม่,ใช่,ไม่,ไม่,ไม่,ไม่,ไม่,ไม่,ไม่,ไม่,"คู่ชีวิต,สามี",คู่สมรส/คู่รัก
ภาคกลาง,สระแก้ว,คลองหาด,ไทรเดี่ยว,หญิง,65.0,วัยสูงอายุ 60 ปีขึ้นไป,โสด,ไม่ระบุ,ใช่,ไม่,ไม่,ไม่,ไม่,ไม่,ไม่,ไม่,ไม่,ใช่,บุตร,บุตร/หลาน
ภาคกลาง,สระแก้ว,เขาฉกรรจ์,หนองหว้า,หญิง,18.0,วัยรุ่น 13 - 18 ปี,โสด,ไม่ระบุ,ไม่,ไม่,ไม่,ไม่,ไม่,ไม่,ไม่,ไม่,ไม่,ใช่,ป้า,ผู้ปกครอง/เครือญาติ
ภาคกลาง,สระแก้ว,วังน้ำเย็น,คลองหินปูน,หญิง,15.0,วัยรุ่น 13 - 18 ปี,โสด,ไม่ระบุ,ไม่,ไม่,ไม่,ไม่,ไม่,ไม่,ไม่,ไม่,ไม่,ใช่,มารดา,ผู้ปกครอง/เครือญาติ
ภาคกลาง,สระแก้ว,เมืองสระแก้ว,ท่าแยก,หญิง,36.0,วัยกลางคน 36 - 59 ปี,สมรส,ยังไม่ได้จดทะเบียนสมรส,ใช่,ไม่,ใช่,ใช่,ไม่,ไม่,ไม่,ไม่,ไม่,ไม่,อื่นๆ อดีตภรรยา,คู่สมรส/คู่รัก
ภาคกลาง,สระแก้ว,วัฒนานคร,วัฒนานคร,ชาย,8.0,วัยเด็กตอนกลาง 7 - 12 ปี,โสด,ไม่ระบุ,ไม่,ไม่,ใช่,ใช่,ไม่,ไม่,ไม่,ไม่,ไม่,ไม่,หลาน,บุตร/หลาน
ภาคกลาง,สระแก้ว,เมืองสระแก้ว,สระแก้ว,หญิง,10.0,วัยเด็กตอนกลาง 7 - 12 ปี,โสด,ไม่ระบุ,ไม่,ใช่,ไม่,ไม่,ไม่,ไม่,ไม่,ไม่,ไม่,ไม่,มารดา,ผู้ปกครอง/เครือญาติ
ภาคกลาง,สระแก้ว,โคกสูง,หนองแวง,ชาย,8.0,วัยเด็กตอนกลาง 7 - 12 ปี,โสด,ไม่ระบุ,ใช่,ใช่,ไม่,ไม่,ไม่,ไม่,ไม่,ไม่,ไม่,ไม่,บุตร,บุตร/หลาน
ภาคกลาง,สิงห์บุรี,ท่าช้าง,โพประจักษ์,หญิง,13.0,วัยรุ่น 13 - 18 ปี,โสด,ไม่ระบุ,ไม่,ใช่,ไม่,ไม่,ไม่,ไม่,ไม่,ไม่,ไม่,ไม่,พ่อเลี้ยง,พ่อเลี้ยง/แม่เลี้ยง
ภาคกลาง,สิงห์บุรี,เมืองสิงห์บุรี,ต้นโพธิ์,หญิง,66.0,วัยสูงอายุ 60 ปีขึ้นไป,สมรส,จดทะเบียนสมรสแล้ว,ไม่,ใช่,ไม่,ไม่,ไม่,ไม่,ไม่,ไม่,ไม่,ไม่,มารดา,ผู้ปกครอง/เครือญาติ
ภาคกลาง,สิงห์บุรี,เมืองสิงห์บุรี,ม่วงหมู่,ชาย,63.0,วัยสูงอายุ 60 ปีขึ้นไป,โสด,ไม่ระบุ,ไม่,ไม่,ไม่,ไม่,ไม่,ไม่,ไม่,ไม่,ไม่,ใช่,อื่นๆ น้องสาวต่างบิดา,ผู้ปกครอง/เครือญาติ
ภาคกลาง,สิงห์บุรี,อินทร์บุรี,อินทร์บุรี,หญิง,33.0,วัยผู้ใหญ่ตอนต้น 19 - 35 ปี,สมรส,ยังไม่ได้จดทะเบียนสมรส,ใช่,ใช่,ไม่,ไม่,ใช่,ไม่,ไม่,ไม่,ไม่,ไม่,"คู่ชีวิต,สามี",คู่สมรส/คู่รัก
ภาคกลาง,สิงห์บุรี,อินทร์บุรี,อินทร์บุรี,ชาย,15.0,วัยรุ่น 13 - 18 ปี,โสด,ไม่ระบุ,ใช่,ใช่,ไม่,ไม่,ใช่,ไม่,ไม่,ไม่,ไม่,ไม่,พ่อเลี้ยง,พ่อเลี้ยง/แม่เลี้ยง
ภาคกลาง,สิงห์บุรี,อินทร์บุรี,อินทร์บุรี,หญิง,11.0,วัยเด็กตอนกลาง 7 - 12 ปี,โสด,ไม่ระบุ,ใช่,ใช่,ไม่,ไม่,ใช่,ไม่,ไม่,ไม่,ไม่,ไม่,พ่อเลี้ยง,พ่อเลี้ยง/แม่เลี้ยง
ภาคกลาง,สิงห์บุรี,อินทร์บุรี,อินทร์บุรี,หญิง,5.0,วัยเด็กเล็กแรกเกิด - 6 ปี,โสด,ไม่ระบุ,ใช่,ใช่,ไม่,ไม่,ใช่,ไม่,ไม่,ไม่,ไม่,ไม่,พ่อเลี้ยง,พ่อเลี้ยง/แม่เลี้ยง
ภาคกลาง,สิงห์บุรี,บางระจัน,พักทัน,หญิง,69.0,วัยสูงอายุ 60 ปีขึ้นไป,สมรส,ยังไม่ได้จดทะเบียนสมรส,ไม่,ใช่,ไม่,ไม่,ไม่,ไม่,ไม่,ไม่,ไม่,ไม่,หลาน,บุตร/หลาน
ภาคกลาง,สิงห์บุรี,เมืองสิงห์บุรี,บางมัญ,หญิง,63.0,วัยสูงอายุ 60 ปีขึ้นไป,หม้าย (กรณีคู่สมรสเสียชีวิต),ไม่ระบุ,ไม่,ไม่,ไม่,ไม่,ไม่,ไม่,ไม่,ใช่,ไม่,ไม่,มารดา,ผู้ปกครอง/เครือญาติ
ภาคกลาง,สุพรรณบุรี,บางปลาม้า,ไผ่กองดิน,หญิง,40.0,วัยกลางคน 36 - 59 ปี,สมรส,ยังไม่ได้จดทะเบียนสมรส,ไม่,ใช่,ไม่,ไม่,ไม่,ไม่,ไม่,ไม่,ไม่,ไม่,"คู่ชีวิต,ภรรยา",คู่สมรส/คู่รัก
ภาคกลาง,สุพรรณบุรี,เดิมบางนางบวช,เขาพระ,หญิง,30.0,วัยผู้ใหญ่ตอนต้น 19 - 35 ปี,แยกกันอยู่,ยังไม่ได้จดทะเบียนหย่า,ไม่,ไม่,ไม่,ใช่,ใช่,ใช่,ไม่,ไม่,ไม่,ไม่,"คู่ชีวิต,สามี",คู่สมรส/คู่รัก
ภาคกลาง,สุพรรณบุรี,สามชุก,บ้านสระ,หญิง,31.0,วัยผู้ใหญ่ตอนต้น 19 - 35 ปี,แยกกันอยู่,ยังไม่ได้จดทะเบียนหย่า,ไม่,ไม่,ไม่,ไม่,ใช่,ไม่,ไม่,ไม่,ไม่,ไม่,บิดา,ผู้ปกครอง/เครือญาติ
ภาคกลาง,สุพรรณบุรี,อู่ทอง,ยุ้งทะลาย,หญิง,67.0,วัยสูงอายุ 60 ปีขึ้นไป,สมรส,ยังไม่ได้จดทะเบียนสมรส,ไม่,ใช่,ไม่,ไม่,ไม่,ไม่,ไม่,ไม่,ไม่,ไม่,บุตร,บุตร/หลาน
ภาคกลาง,สุพรรณบุรี,อู่ทอง,ยุ้งทะลาย,ชาย,67.0,วัยสูงอายุ 60 ปีขึ้นไป,สมรส,จดทะเบียนสมรสแล้ว,ไม่,ใช่,ไม่,ไม่,ไม่,ไม่,ไม่,ไม่,ไม่,ไม่,บุตร,บุตร/หลาน
ภาคกลาง,สุพรรณบุรี,สองพี่น้อง,หัวโพธิ์,หญิง,62.0,วัยสูงอายุ 60 ปีขึ้นไป,สมรส,จดทะเบียนสมรสแล้ว,ไม่,ไม่,ไม่,ใช่,ใช่,ไม่,ไม่,ไม่,ไม่,ใช่,"คู่ชีวิต,สามี",คู่สมรส/คู่รัก
ภาคกลาง,สุพรรณบุรี,ด่านช้าง,ด่านช้าง,หญิง,10.0,วัยเด็กตอนกลาง 7 - 12 ปี,แยกกันอยู่,ยังไม่ได้จดทะเบียนหย่า,ไม่,ใช่,ไม่,ไม่,ไม่,ไม่,ไม่,ไม่,ไม่,ไม่,บิดา,ผู้ปกครอง/เครือญาติ
ภาคกลาง,สุพรรณบุรี,สองพี่น้อง,ต้นตาล,หญิง,14.0,วัยรุ่น 13 - 18 ปี,โสด,ไม่ระบุ,ใช่,ไม่,ไม่,ไม่,ไม่,ไม่,ไม่,ไม่,ไม่,ใช่,ตา,ผู้ปกครอง/เครือญาติ
ภาคกลาง,สุพรรณบุรี,ศรีประจันต์,ศรีประจันต์,หญิง,32.0,วัยผู้ใหญ่ตอนต้น 19 - 35 ปี,สมรส,ยังไม่ได้จดทะเบียนสมรส,ไม่,ไม่,ไม่,ใช่,ไม่,ไม่,ไม่,ไม่,ไม่,ไม่,"คู่ชีวิต,สามี",คู่สมรส/คู่รัก
ภาคกลาง,สุพรรณบุรี,บางปลาม้า,องครักษ์,หญิง,60.0,วัยสูงอายุ 60 ปีขึ้นไป,หม้าย (กรณีคู่สมรสเสียชีวิต),ไม่ระบุ,ไม่,ใช่,ไม่,ใช่,ไม่,ไม่,ไม่,ไม่,ไม่,ใช่,บุตร,บุตร/หลาน
ภาคกลาง,สุพรรณบุรี,เมืองสุพรรณบุรี,สนามชัย,ชาย,6.0,วัยเด็กเล็กแรกเกิด - 6 ปี,โสด,ไม่ระบุ,ไม่,ไม่,ไม่,ไม่,ไม่,ไม่,ใช่,ไม่,ไม่,ใช่,มารดา,ผู้ปกครอง/เครือญาติ
ภาคกลาง,สุพรรณบุรี,ศรีประจันต์,มดแดง,หญิง,16.0,วัยรุ่น 13 - 18 ปี,โสด,ไม่ระบุ,ไม่,ไม่,ใช่,ไม่,ไม่,ไม่,ไม่,ไม่,ไม่,ไม่,น้า,ผู้ปกครอง/เครือญาติ
ภาคกลาง,อ่างทอง,วิเศษชัยชาญ,หลักแก้ว,หญิง,52.0,วัยกลางคน 36 - 59 ปี,สมรส,จดทะเบียนสมรสแล้ว,ไม่,ใช่,ไม่,ไม่,ไม่,ไม่,ไม่,ใช่,ไม่,ไม่,มารดา,ผู้ปกครอง/เครือญาติ
ภาคกลาง,อ่างทอง,ไชโย,จรเข้ร้อง,หญิง,69.0,วัยสูงอายุ 60 ปีขึ้นไป,โสด,ไม่ระบุ,ไม่,ใช่,ไม่,ใช่,ไม่,ไม่,ไม่,ไม่,ใช่,ไม่,มารดา,ผู้ปกครอง/เครือญาติ
ภาคกลาง,อ่างทอง,เมืองอ่างทอง,ศาลาแดง,หญิง,14.0,วัยรุ่น 13 - 18 ปี,โสด,ไม่ระบุ,ไม่,ใช่,ไม่,ใช่,ไม่,ไม่,ไม่,ไม่,ไม่,ไม่,บุตร,บุตร/หลาน
ภาคกลาง,อ่างทอง,เมืองอ่างทอง,หัวไผ่,หญิง,59.0,วัยกลางคน 36 - 59 ปี,โสด,ไม่ระบุ,ไม่,ไม่,ไม่,ไม่,ไม่,ไม่,ไม่,ใช่,ไม่,ไม่,บุตร,บุตร/หลาน
ภาคกลาง,อ่างทอง,โพธิ์ทอง,คำหยาด,หญิง,44.0,วัยกลางคน 36 - 59 ปี,โสด,ไม่ระบุ,ไม่,ไม่,ใช่,ใช่,ไม่,ไม่,ไม่,ไม่,ไม่,ไม่,แม่เลี้ยง,พ่อเลี้ยง/แม่เลี้ยง
ภาคกลาง,อ่างทอง,เมืองอ่างทอง,ตลาดกรวด,หญิง,13.0,วัยรุ่น 13 - 18 ปี,โสด,ไม่ระบุ,ใช่,ใช่,ไม่,ไม่,ไม่,ไม่,ไม่,ใช่,ไม่,ไม่,บุตร,บุตร/หลาน
ภาคกลาง,อ่างทอง,เมืองอ่างทอง,ตลาดกรวด,หญิง,12.0,วัยเด็กตอนกลาง 7 - 12 ปี,โสด,ไม่ระบุ,ใช่,ใช่,ไม่,ไม่,ไม่,ไม่,ไม่,ใช่,ไม่,ไม่,บุตร,บุตร/หลาน
ภาคกลาง,อ่างทอง,เมืองอ่างทอง,ตลาดกรวด,หญิง,11.0,วัยเด็กตอนกลาง 7 - 12 ปี,โสด,ไม่ระบุ,ใช่,ใช่,ไม่,ไม่,ไม่,ไม่,ไม่,ใช่,ไม่,ไม่,บุตร,บุตร/หลาน
ภาคกลาง,อ่างทอง,ไชโย,ไชโย,หญิง,35.0,วัยผู้ใหญ่ตอนต้น 19 - 35 ปี,โสด,ไม่ระบุ,ไม่,ไม่,ไม่,ใช่,ไม่,ไม่,ไม่,ไม่,ไม่,ไม่,บุตร,บุตร/หลาน
ภาคกลาง,อ่างทอง,ไชโย,ไชโย,หญิง,67.0,วัยสูงอายุ 60 ปีขึ้นไป,สมรส,จดทะเบียนสมรสแล้ว,ไม่,ไม่,ไม่,ใช่,ไม่,ไม่,ไม่,ไม่,ไม่,ไม่,"คู่ชีวิต,สามี",คู่สมรส/คู่รัก
ภาคกลาง,อ่างทอง,เมืองอ่างทอง,ป่างิ้ว,หญิง,82.0,วัยสูงอายุ 60 ปีขึ้นไป,โสด,ไม่ระบุ,ไม่,ไม่,ไม่,ไม่,ไม่,ไม่,ไม่,ใช่,ไม่,ไม่,ย่า,ผู้ปกครอง/เครือญาติ
ภาคกลาง,อ่างทอง,แสวงหา,แสวงหา,หญิง,72.0,วัยสูงอายุ 60 ปีขึ้นไป,โสด,ไม่ระบุ,ไม่,ใช่,ไม่,ไม่,ไม่,ไม่,ไม่,ไม่,ไม่,ไม่,มารดา,ผู้ปกครอง/เครือญาติ
ภาคกลาง,อ่างทอง,ไชโย,ราชสถิตย์,หญิง,46.0,วัยกลางคน 36 - 59 ปี,สมรส,ยังไม่ได้จดทะเบียนสมรส,ไม่,ไม่,ไม่,ใช่,ใช่,ไม่,ไม่,ไม่,ไม่,ไม่,"คู่ชีวิต,ภรรยา",คู่สมรส/คู่รัก
ภาคกลาง,เพชรบุรี,ชะอำ,ชะอำ,หญิง,48.0,วัยกลางคน 36 - 59 ปี,แยกกันอยู่,ยังไม่ได้จดทะเบียนหย่า,ใช่,ไม่,ไม่,ไม่,ไม่,ไม่,ไม่,ไม่,ไม่,ไม่,อื่นๆ คนรู้จัก,อื่น ๆ
ภาคกลาง,เพชรบุรี,เขาย้อย,สระพัง,หญิง,30.0,วัยผู้ใหญ่ตอนต้น 19 - 35 ปี,แยกกันอยู่,ยังไม่ได้จดทะเบียนหย่า,ใช่,ไม่,ไม่,ไม่,ใช่,ไม่,ไม่,ไม่,ไม่,ไม่,อื่นๆ แฟน,คู่สมรส/คู่รัก
ภาคตะวันออกเฉียงเหนือ,กาฬสินธุ์,กุฉินารายณ์,หนองห้าง,หญิง,28.0,วัยผู้ใหญ่ตอนต้น 19 - 35 ปี,แยกกันอยู่,จดทะเบียนหย่า,ใช่,ไม่,ไม่,ไม่,ไม่,ไม่,ไม่,ไม่,ไม่,ไม่,"คู่ชีวิต,สามี",คู่สมรส/คู่รัก
ภาคตะวันออกเฉียงเหนือ,กาฬสินธุ์,กุฉินารายณ์,หนองห้าง,หญิง,28.0,วัยผู้ใหญ่ตอนต้น 19 - 35 ปี,สมรส,จดทะเบียนสมรสแล้ว,ใช่,ไม่,ไม่,ไม่,ไม่,ไม่,ไม่,ไม่,ไม่,ไม่,"คู่ชีวิต,ภรรยา",คู่สมรส/คู่รัก
ภาคตะวันออกเฉียงเหนือ,กาฬสินธุ์,สหัสขันธ์,โนนบุรี,หญิง,18.0,วัยรุ่น 13 - 18 ปี,โสด,ไม่ระบุ,ไม่,ไม่,ไม่,ไม่,ไม่,ไม่,ไม่,ใช่,ไม่,ไม่,มารดา,ผู้ปกครอง/เครือญาติ
ภาคตะวันออกเฉียงเหนือ,กาฬสินธุ์,คำม่วง,นาทัน,หญิง,41.0,วัยกลางคน 36 - 59 ปี,สมรส,ยังไม่ได้จดทะเบียนสมรส,ไม่,ใช่,ไม่,ไม่,ใช่,ไม่,ไม่,ไม่,ไม่,ไม่,"คู่ชีวิต,สามี",คู่สมรส/คู่รัก
ภาคตะวันออกเฉียงเหนือ,กาฬสินธุ์,ห้วยผึ้ง,คำบง,หญิง,70.0,วัยสูงอายุ 60 ปีขึ้นไป,หม้าย (กรณีคู่สมรสเสียชีวิต),ไม่ระบุ,ไม่,ใช่,ไม่,ไม่,ไม่,ไม่,ไม่,ใช่,ไม่,ไม่,บุตร,บุตร/หลาน
ภาคตะวันออกเฉียงเหนือ,กาฬสินธุ์,ท่าคันโท,กุดจิก,หญิง,51.0,วัยกลางคน 36 - 59 ปี,สมรส,จดทะเบียนสมรสแล้ว,ใช่,ใช่,ใช่,ไม่,ไม่,ไม่,ไม่,ไม่,ไม่,ไม่,"คู่ชีวิต,สามี",คู่สมรส/คู่รัก
ภาคตะวันออกเฉียงเหนือ,ขอนแก่น,น้ำพอง,บ้านขาม,หญิง,38.0,วัยกลางคน 36 - 59 ปี,โสด,ไม่ระบุ,ไม่,ไม่,ไม่,ไม่,ใช่,ไม่,ไม่,ไม่,ไม่,ไม่,อื่นๆ อดีตสามี,คู่สมรส/คู่รัก
ภาคตะวันออกเฉียงเหนือ,ขอนแก่น,น้ำพอง,บ้านขาม,หญิง,6.0,วัยเด็กเล็กแรกเกิด - 6 ปี,โสด,ไม่ระบุ,ไม่,ไม่,ไม่,ไม่,ใช่,ไม่,ไม่,ไม่,ไม่,ไม่,บิดา,ผู้ปกครอง/เครือญาติ
ภาคตะวันออกเฉียงเหนือ,ขอนแก่น,เมืองขอนแก่น,บ้านเป็ด,หญิง,42.0,วัยกลางคน 36 - 59 ปี,โสด,ไม่ระบุ,ไม่,ใช่,ไม่,ไม่,ใช่,ไม่,ไม่,ไม่,ไม่,ไม่,อื่นๆ แฟน,คู่สมรส/คู่รัก
ภาคตะวันออกเฉียงเหนือ,ขอนแก่น,หนองเรือ,บ้านกง,ชาย,7.0,วัยเด็กตอนกลาง 7 - 12 ปี,โสด,ไม่ระบุ,ไม่,ใช่,ไม่,ไม่,ไม่,ไม่,ไม่,ไม่,ไม่,ไม่,บิดา,ผู้ปกครอง/เครือญาติ
ภาคตะวันออกเฉียงเหนือ,ขอนแก่น,หนองเรือ,บ้านกง,หญิง,5.0,วัยเด็กเล็กแรกเกิด - 6 ปี,โสด,ไม่ระบุ,ไม่,ใช่,ไม่,ไม่,ไม่,ไม่,ไม่,ไม่,ไม่,ไม่,บิดา,ผู้ปกครอง/เครือญาติ
ภาคตะวันออกเฉียงเหนือ,ขอนแก่น,บ้านไผ่,เมืองเพีย,ชาย,84.0,วัยสูงอายุ 60 ปีขึ้นไป,สมรส,จดทะเบียนสมรสแล้ว,ไม่,ใช่,ไม่,ไม่,ไม่,ไม่,ไม่,ไม่,ไม่,ไม่,บุตร,บุตร/หลาน
ภาคตะวันออกเฉียงเหนือ,ขอนแก่น,เมืองขอนแก่น,ศิลา,หญิง,58.0,วัยกลางคน 36 - 59 ปี,สมรส,จดทะเบียนสมรสแล้ว,ใช่,ใช่,ไม่,ไม่,ไม่,ไม่,ไม่,ไม่,ไม่,ไม่,บุตร,บุตร/หลาน
ภาคตะวันออกเฉียงเหนือ,ขอนแก่น,บ้านฝาง,บ้านฝาง,ชาย,39.0,วัยกลางคน 36 - 59 ปี,สมรส,จดทะเบียนสมรสแล้ว,ไม่,ใช่,ไม่,ไม่,ไม่,ไม่,ไม่,ไม่,ไม่,ไม่,พี่น้อง/ลูกพี่ลูกน้อง,บุตร/หลาน
ภาคตะวันออกเฉียงเหนือ,ขอนแก่น,เมืองขอนแก่น,โนนท่อน,ชาย,57.0,วัยกลางคน 36 - 59 ปี,สมรส,จดทะเบียนสมรสแล้ว,ไม่,ใช่,ไม่,ไม่,ไม่,ไม่,ไม่,ไม่,ไม่,ไม่,บุตร,บุตร/หลาน
ภาคตะวันออกเฉียงเหนือ,ขอนแก่น,บ้านไผ่,ในเมือง,หญิง,41.0,วัยกลางคน 36 - 59 ปี,โสด,ไม่ระบุ,ใช่,ไม่,ไม่,ไม่,ไม่,ไม่,ไม่,ใช่,ไม่,ไม่,ลุง,ผู้ปกครอง/เครือญาติ
ภาคตะวันออกเฉียงเหนือ,ขอนแก่น,เมืองขอนแก่น,บ้านเป็ด,หญิง,29.0,วัยผู้ใหญ่ตอนต้น 19 - 35 ปี,โสด,ไม่ระบุ,ใช่,ใช่,ไม่,ไม่,ใช่,ไม่,ไม่,ไม่,ไม่,ไม่,อื่นๆ อดีตแฟน,คู่สมรส/คู่รัก
ภาคตะวันออกเฉียงเหนือ,ขอนแก่น,บ้านฝาง,บ้านฝาง,หญิง,86.0,วัยสูงอายุ 60 ปีขึ้นไป,หม้าย (กรณีคู่สมรสเสียชีวิต),ไม่ระบุ,ใช่,ใช่,ไม่,ไม่,ไม่,ไม่,ไม่,ไม่,ไม่,ไม่,บุตร,บุตร/หลาน
ภาคตะวันออกเฉียงเหนือ,ขอนแก่น,น้ำพอง,สะอาด,หญิง,28.0,วัยผู้ใหญ่ตอนต้น 19 - 35 ปี,โสด,ไม่ระบุ,ใช่,ไม่,ไม่,ไม่,ไม่,ไม่,ไม่,ไม่,ไม่,ไม่,พี่น้อง/ลูกพี่ลูกน้อง,บุตร/หลาน
ภาคตะวันออกเฉียงเหนือ,ขอนแก่น,เวียงเก่า,เขาน้อย,หญิง,24.0,วัยผู้ใหญ่ตอนต้น 19 - 35 ปี,โสด,ไม่ระบุ,ใช่,ใช่,ไม่,ไม่,ไม่,ไม่,ไม่,ไม่,ไม่,ไม่,อื่นๆ แฟน,คู่สมรส/คู่รัก
ภาคตะวันออกเฉียงเหนือ,ขอนแก่น,เมืองขอนแก่น,ท่าพระ,หญิง,35.0,วัยผู้ใหญ่ตอนต้น 19 - 35 ปี,โสด,ไม่ระบุ,ใช่,ไม่,ไม่,ไม่,ไม่,ไม่,ไม่,ไม่,ไม่,ไม่,อื่นๆ แฟน,คู่สมรส/คู่รัก
ภาคตะวันออกเฉียงเหนือ,ชัยภูมิ,เกษตรสมบูรณ์,หนองโพนงาม,หญิง,33.0,วัยผู้ใหญ่ตอนต้น 19 - 35 ปี,โสด,ไม่ระบุ,ไม่,ไม่,ไม่,ใช่,ใช่,ไม่,ใช่,ใช่,ไม่,ไม่,มารดา,ผู้ปกครอง/เครือญาติ
ภาคตะวันออกเฉียงเหนือ,ชัยภูมิ,หนองบัวระเหว,โสกปลาดุก,หญิง,55.0,วัยกลางคน 36 - 59 ปี,สมรส,ยังไม่ได้จดทะเบียนสมรส,ไม่,ไม่,ไม่,ไม่,ไม่,ไม่,ไม่,ไม่,ไม่,ใช่,บิดา,ผู้ปกครอง/เครือญาติ
ภาคตะวันออกเฉียงเหนือ,ชัยภูมิ,เนินสง่า,ตาเนิน,หญิง,34.0,วัยผู้ใหญ่ตอนต้น 19 - 35 ปี,สมรส,ยังไม่ได้จดทะเบียนสมรส,ไม่,ไม่,ไม่,ไม่,ไม่,ไม่,ไม่,ไม่,ไม่,ใช่,บิดา,ผู้ปกครอง/เครือญาติ
ภาคตะวันออกเฉียงเหนือ,ชัยภูมิ,เกษตรสมบูรณ์,บ้านเดื่อ,หญิง,21.0,วัยผู้ใหญ่ตอนต้น 19 - 35 ปี,สมรส,ยังไม่ได้จดทะเบียนสมรส,ใช่,ไม่,ไม่,ใช่,ไม่,ไม่,ไม่,ไม่,ไม่,ไม่,"คู่ชีวิต,สามี",คู่สมรส/คู่รัก
ภาคตะวันออกเฉียงเหนือ,ชัยภูมิ,เมืองชัยภูมิ,ในเมือง,ชาย,89.0,วัยสูงอายุ 60 ปีขึ้นไป,สมรส,ยังไม่ได้จดทะเบียนสมรส,ใช่,ไม่,ไม่,ใช่,ไม่,ไม่,ไม่,ไม่,ไม่,ไม่,ลูกเลี้ยง,บุตร/หลาน
ภาคตะวันออกเฉียงเหนือ,ชัยภูมิ,บ้านเขว้า,บ้านเขว้า,หญิง,16.0,วัยรุ่น 13 - 18 ปี,โสด,ไม่ระบุ,ไม่,ไม่,ไม่,ใช่,ไม่,ไม่,ไม่,ไม่,ไม่,ไม่,มารดา,ผู้ปกครอง/เครือญาติ
ภาคตะวันออกเฉียงเหนือ,ชัยภูมิ,บ้านเขว้า,ภูแลนคา,หญิง,36.0,วัยกลางคน 36 - 59 ปี,สมรส,จดทะเบียนสมรสแล้ว,ไม่,ใช่,ไม่,ไม่,ไม่,ไม่,ไม่,ไม่,ไม่,ใช่,"คู่ชีวิต,สามี",คู่สมรส/คู่รัก
ภาคตะวันออกเฉียงเหนือ,ชัยภูมิ,จัตุรัส,หนองบัวบาน,หญิง,50.0,วัยกลางคน 36 - 59 ปี,สมรส,จดทะเบียนสมรสแล้ว,ใช่,ไม่,ไม่,ไม่,ไม่,ไม่,ไม่,ไม่,ไม่,ไม่,"คู่ชีวิต,สามี",คู่สมรส/คู่รัก
ภาคตะวันออกเฉียงเหนือ,ชัยภูมิ,เมืองชัยภูมิ,ในเมือง,หญิง,34.0,วัยผู้ใหญ่ตอนต้น 19 - 35 ปี,สมรส,ยังไม่ได้จดทะเบียนสมรส,ไม่,ใช่,ไม่,ไม่,ใช่,ไม่,ไม่,ไม่,ไม่,ไม่,"คู่ชีวิต,สามี",คู่สมรส/คู่รัก
ภาคตะวันออกเฉียงเหนือ,ชัยภูมิ,เมืองชัยภูมิ,บ้านเล่า,หญิง,72.0,วัยสูงอายุ 60 ปีขึ้นไป,หม้าย (กรณีคู่สมรสเสียชีวิต),ไม่ระบุ,ใช่,ไม่,ไม่,ไม่,ไม่,ไม่,ไม่,ไม่,ไม่,ไม่,บุตร,บุตร/หลาน
ภาคตะวันออกเฉียงเหนือ,นครพนม,เมืองนครพนม,ในเมือง,หญิง,12.0,วัยเด็กตอนกลาง 7 - 12 ปี,โสด,ไม่ระบุ,ไม่,ใช่,ไม่,ไม่,ไม่,ไม่,ไม่,ใช่,ไม่,ไม่,มารดา,ผู้ปกครอง/เครือญาติ
ภาคตะวันออกเฉียงเหนือ,นครพนม,เมืองนครพนม,นาราชควาย,ชาย,7.0,วัยเด็กตอนกลาง 7 - 12 ปี,โสด,ไม่ระบุ,ไม่,ใช่,ไม่,ไม่,ไม่,ไม่,ไม่,ไม่,ไม่,ไม่,พ่อเลี้ยง,พ่อเลี้ยง/แม่เลี้ยง
ภาคตะวันออกเฉียงเหนือ,นครพนม,ปลาปาก,ปลาปาก,ชาย,7.0,วัยเด็กตอนกลาง 7 - 12 ปี,โสด,ไม่ระบุ,ใช่,ไม่,ใช่,ไม่,ไม่,ไม่,ไม่,ไม่,ไม่,ไม่,บิดา,ผู้ปกครอง/เครือญาติ
ภาคตะวันออกเฉียงเหนือ,นครพนม,เมืองนครพนม,ท่าค้อ,หญิง,3.0,วัยเด็กเล็กแรกเกิด - 6 ปี,โสด,ไม่ระบุ,ไม่,ใช่,ไม่,ไม่,ไม่,ไม่,ไม่,ไม่,ไม่,ไม่,บิดา,ผู้ปกครอง/เครือญาติ
ภาคตะวันออกเฉียงเหนือ,นครราชสีมา,โนนไทย,ด่านจาก,หญิง,47.0,วัยกลางคน 36 - 59 ปี,สมรส,จดทะเบียนสมรสแล้ว,ไม่,ไม่,ไม่,ไม่,ไม่,ไม่,ไม่,ใช่,ไม่,ไม่,บุตร,บุตร/หลาน
ภาคตะวันออกเฉียงเหนือ,นครราชสีมา,จักราช,คลองเมือง,ชาย,78.0,วัยสูงอายุ 60 ปีขึ้นไป,สมรส,จดทะเบียนสมรสแล้ว,ไม่,ใช่,ใช่,ไม่,ไม่,ไม่,ไม่,ใช่,ไม่,ไม่,บุตร,บุตร/หลาน
ภาคตะวันออกเฉียงเหนือ,นครราชสีมา,ปากช่อง,ปากช่อง,หญิง,50.0,วัยกลางคน 36 - 59 ปี,สมรส,จดทะเบียนสมรสแล้ว,ไม่,ใช่,ไม่,ไม่,ไม่,ไม่,ไม่,ใช่,ไม่,ไม่,บุตร,บุตร/หลาน
ภาคตะวันออกเฉียงเหนือ,นครราชสีมา,สีคิ้ว,หนองหญ้าขาว,หญิง,18.0,วัยรุ่น 13 - 18 ปี,โสด,ไม่ระบุ,ใช่,ใช่,ใช่,ไม่,ใช่,ไม่,ไม่,ไม่,ไม่,ไม่,"คู่ชีวิต,สามี",คู่สมรส/คู่รัก
ภาคตะวันออกเฉียงเหนือ,นครราชสีมา,เมืองนครราชสีมา,โพธิ์กลาง,หญิง,43.0,วัยกลางคน 36 - 59 ปี,แยกกันอยู่,ยังไม่ได้จดทะเบียนหย่า,ใช่,ไม่,ไม่,ใช่,ไม่,ไม่,ไม่,ไม่,ไม่,ไม่,ลูกเขย,บุตร/หลาน
ภาคตะวันออกเฉียงเหนือ,นครราชสีมา,ครบุรี,เฉลียง,หญิง,13.0,วัยรุ่น 13 - 18 ปี,โสด,ไม่ระบุ,ใช่,ใช่,ไม่,ใช่,ไม่,ไม่,ไม่,ไม่,ไม่,ไม่,มารดา,ผู้ปกครอง/เครือญาติ
ภาคตะวันออกเฉียงเหนือ,นครราชสีมา,สีคิ้ว,มิตรภาพ,หญิง,61.0,วัยสูงอายุ 60 ปีขึ้นไป,แยกกันอยู่,ยังไม่ได้จดทะเบียนหย่า,ไม่,ไม่,ใช่,ใช่,ไม่,ไม่,ไม่,ไม่,ไม่,ไม่,บุตร,บุตร/หลาน
ภาคตะวันออกเฉียงเหนือ,นครราชสีมา,เมืองนครราชสีมา,บ้านโพธิ์,หญิง,65.0,วัยสูงอายุ 60 ปีขึ้นไป,หม้าย (กรณีคู่สมรสเสียชีวิต),ไม่ระบุ,ไม่,ไม่,ไม่,ไม่,ไม่,ไม่,ไม่,ใช่,ไม่,ไม่,บุตร,บุตร/หลาน
ภาคตะวันออกเฉียงเหนือ,นครราชสีมา,ปักธงชัย,เมืองปัก,หญิง,82.0,วัยสูงอายุ 60 ปีขึ้นไป,หม้าย (กรณีคู่สมรสเสียชีวิต),ไม่ระบุ,ไม่,ไม่,ไม่,ไม่,ไม่,ไม่,ไม่,ใช่,ไม่,ไม่,หลาน,บุตร/หลาน
ภาคตะวันออกเฉียงเหนือ,นครราชสีมา,โชคชัย,กระโทก,หญิง,23.0,วัยผู้ใหญ่ตอนต้น 19 - 35 ปี,โสด,ไม่ระบุ,ใช่,ไม่,ไม่,ไม่,ไม่,ไม่,ไม่,ไม่,ไม่,ไม่,ตา,ผู้ปกครอง/เครือญาติ
ภาคตะวันออกเฉียงเหนือ,นครราชสีมา,ปักธงชัย,ตะคุ,หญิง,31.0,วัยผู้ใหญ่ตอนต้น 19 - 35 ปี,โสด,ไม่ระบุ,ไม่,ใช่,ใช่,ไม่,ไม่,ไม่,ไม่,ไม่,ไม่,ไม่,อื่นๆ อดีตสามี,คู่สมรส/คู่รัก
ภาคตะวันออกเฉียงเหนือ,นครราชสีมา,สีคิ้ว,หนองน้ำใส,ชาย,5.0,วัยเด็กเล็กแรกเกิด - 6 ปี,โสด,ไม่ระบุ,ไม่,ใช่,ใช่,ไม่,ไม่,ไม่,ไม่,ไม่,ไม่,ไม่,ลุง,ผู้ปกครอง/เครือญาติ
ภาคตะวันออกเฉียงเหนือ,นครราชสีมา,ห้วยแถลง,หินดาด,หญิง,24.0,วัยผู้ใหญ่ตอนต้น 19 - 35 ปี,โสด,ไม่ระบุ,ไม่,ไม่,ใช่,ใช่,ไม่,ใช่,ไม่,ไม่,ไม่,ไม่,"คู่ชีวิต,อดีตสามี",คู่สมรส/คู่รัก
ภาคตะวันออกเฉียงเหนือ,นครราชสีมา,สูงเนิน,สูงเนิน,หญิง,29.0,วัยผู้ใหญ่ตอนต้น 19 - 35 ปี,โสด,ไม่ระบุ,ไม่,ใช่,ไม่,ไม่,ไม่,ไม่,ไม่,ไม่,ใช่,ไม่,"คู่ชีวิต,อดีตสามี",คู่สมรส/คู่รัก
ภาคตะวันออกเฉียงเหนือ,บึงกาฬ,โซ่พิสัย,ศรีชมภู,ชาย,33.0,วัยผู้ใหญ่ตอนต้น 19 - 35 ปี,สมรส,ยังไม่ได้จดทะเบียนสมรส,ไม่,ใช่,ไม่,ไม่,ใช่,ไม่,ไม่,ไม่,ไม่,ไม่,"คู่ชีวิต,ภรรยา",คู่สมรส/คู่รัก
ภาคตะวันออกเฉียงเหนือ,บึงกาฬ,เมืองบึงกาฬ,วิศิษฐ์,หญิง,34.0,วัยผู้ใหญ่ตอนต้น 19 - 35 ปี,โสด,ไม่ระบุ,ไม่,ใช่,ใช่,ไม่,ใช่,ใช่,ไม่,ไม่,ไม่,ไม่,"คู่ชีวิต,สามี",คู่สมรส/คู่รัก
ภาคตะวันออกเฉียงเหนือ,บึงกาฬ,ปากคาด,ปากคาด,ชาย,2.0,วัยเด็กเล็กแรกเกิด - 6 ปี,โสด,ไม่ระบุ,ไม่,ใช่,ไม่,ไม่,ไม่,ไม่,ไม่,ใช่,ไม่,ไม่,มารดา,ผู้ปกครอง/เครือญาติ
ภาคตะวันออกเฉียงเหนือ,บึงกาฬ,โซ่พิสัย,หนองพันทา,หญิง,48.0,วัยกลางคน 36 - 59 ปี,สมรส,ยังไม่ได้จดทะเบียนสมรส,ไม่,ไม่,ไม่,ใช่,ไม่,ไม่,ไม่,ไม่,ไม่,ไม่,"คู่ชีวิต,ภรรยา",คู่สมรส/คู่รัก
ภาคตะวันออกเฉียงเหนือ,บึงกาฬ,โซ่พิสัย,ถ้ำเจริญ,หญิง,9.0,วัยเด็กตอนกลาง 7 - 12 ปี,โสด,ไม่ระบุ,ใช่,ใช่,ไม่,ใช่,ไม่,ไม่,ไม่,ไม่,ไม่,ไม่,บุตร,บุตร/หลาน
ภาคตะวันออกเฉียงเหนือ,บึงกาฬ,เมืองบึงกาฬ,โคกก่อง,ชาย,32.0,วัยผู้ใหญ่ตอนต้น 19 - 35 ปี,สมรส,ยังไม่ได้จดทะเบียนสมรส,ไม่,ใช่,ไม่,ใช่,ไม่,ไม่,ไม่,ไม่,ไม่,ไม่,บุตร,บุตร/หลาน
ภาคตะวันออกเฉียงเหนือ,บุรีรัมย์,นางรอง,บ้านสิงห์,หญิง,15.0,วัยรุ่น 13 - 18 ปี,โสด,ไม่ระบุ,ไม่,ไม่,ใช่,ใช่,ไม่,ไม่,ไม่,ไม่,ไม่,ไม่,บุตร,บุตร/หลาน
ภาคตะวันออกเฉียงเหนือ,มหาสารคาม,กุดรัง,ห้วยเตย,หญิง,42.0,วัยกลางคน 36 - 59 ปี,โสด,ไม่ระบุ,ใช่,ใช่,ไม่,ไม่,ไม่,ไม่,ไม่,ไม่,ไม่,ไม่,อื่นๆ สามี,คู่สมรส/คู่รัก
ภาคตะวันออกเฉียงเหนือ,มหาสารคาม,กุดรัง,ห้วยเตย,หญิง,6.0,วัยเด็กเล็กแรกเกิด - 6 ปี,โสด,ไม่ระบุ,ใช่,ใช่,ไม่,ไม่,ไม่,ไม่,ไม่,ไม่,ไม่,ไม่,อื่นๆ บิดา,ผู้ปกครอง/เครือญาติ
ภาคตะวันออกเฉียงเหนือ,มหาสารคาม,นาเชือก,หนองเรือ,หญิง,39.0,วัยกลางคน 36 - 59 ปี,แยกกันอยู่,ยังไม่ได้จดทะเบียนหย่า,ใช่,ไม่,ไม่,ไม่,ใช่,ใช่,ไม่,ไม่,ไม่,ไม่,"คู่ชีวิต,สามี",คู่สมรส/คู่รัก
ภาคตะวันออกเฉียงเหนือ,มหาสารคาม,นาเชือก,หนองเรือ,ชาย,73.0,วัยสูงอายุ 60 ปีขึ้นไป,สมรส,จดทะเบียนสมรสแล้ว,ใช่,ไม่,ไม่,ไม่,ใช่,ใช่,ไม่,ไม่,ไม่,ไม่,ลูกเขย,บุตร/หลาน
ภาคตะวันออกเฉียงเหนือ,มหาสารคาม,นาเชือก,หนองเรือ,หญิง,72.0,วัยสูงอายุ 60 ปีขึ้นไป,สมรส,จดทะเบียนสมรสแล้ว,ใช่,ไม่,ไม่,ไม่,ใช่,ใช่,ไม่,ไม่,ไม่,ไม่,ลูกเขย,บุตร/หลาน
ภาคตะวันออกเฉียงเหนือ,มหาสารคาม,บรบือ,หนองจิก,หญิง,80.0,วัยสูงอายุ 60 ปีขึ้นไป,โสด,ไม่ระบุ,ใช่,ไม่,ไม่,ไม่,ไม่,ไม่,ไม่,ไม่,ไม่,ไม่,บุตร,บุตร/หลาน
ภาคตะวันออกเฉียงเหนือ,มุกดาหาร,เมืองมุกดาหาร,มุกดาหาร,หญิง,32.0,วัยผู้ใหญ่ตอนต้น 19 - 35 ปี,สมรส,ยังไม่ได้จดทะเบียนสมรส,ใช่,ไม่,ไม่,ไม่,ไม่,ไม่,ไม่,ไม่,ไม่,ใช่,"คู่ชีวิต,สามี",คู่สมรส/คู่รัก
ภาคตะวันออกเฉียงเหนือ,มุกดาหาร,นิคมคำสร้อย,นิคมคำสร้อย,หญิง,42.0,วัยกลางคน 36 - 59 ปี,แยกกันอยู่,ยังไม่ได้จดทะเบียนหย่า,ใช่,ไม่,ไม่,ใช่,ไม่,ไม่,ไม่,ไม่,ไม่,ไม่,บิดา,ผู้ปกครอง/เครือญาติ
ภาคตะวันออกเฉียงเหนือ,มุกดาหาร,นิคมคำสร้อย,นิคมคำสร้อย,ชาย,10.0,วัยเด็กตอนกลาง 7 - 12 ปี,โสด,ไม่ระบุ,ใช่,ไม่,ไม่,ใช่,ไม่,ไม่,ไม่,ไม่,ไม่,ไม่,ตา,ผู้ปกครอง/เครือญาติ
ภาคตะวันออกเฉียงเหนือ,มุกดาหาร,เมืองมุกดาหาร,มุกดาหาร,ชาย,58.0,วัยกลางคน 36 - 59 ปี,แยกกันอยู่,ยังไม่ได้จดทะเบียนหย่า,ไม่,ไม่,ไม่,ใช่,ไม่,ไม่,ใช่,ใช่,ไม่,ไม่,บุตรบุญธรรม,บุตร/หลาน
ภาคตะวันออกเฉียงเหนือ,มุกดาหาร,เมืองมุกดาหาร,นาสีนวน,หญิง,48.0,วัยกลางคน 36 - 59 ปี,สมรส,จดทะเบียนสมรสแล้ว,ใช่,ไม่,ไม่,ใช่,ไม่,ไม่,ไม่,ไม่,ไม่,ไม่,บุตร,บุตร/หลาน
ภาคตะวันออกเฉียงเหนือ,มุกดาหาร,นิคมคำสร้อย,นิคมคำสร้อย,ชาย,75.0,วัยสูงอายุ 60 ปีขึ้นไป,หม้าย (กรณีคู่สมรสเสียชีวิต),ไม่ระบุ,ไม่,ใช่,ไม่,ไม่,ไม่,ไม่,ไม่,ใช่,ไม่,ไม่,บุตร,บุตร/หลาน
ภาคตะวันออกเฉียงเหนือ,มุกดาหาร,เมืองมุกดาหาร,โพนทราย,หญิง,50.0,วัยกลางคน 36 - 59 ปี,สมรส,ยังไม่ได้จดทะเบียนสมรส,ใช่,ใช่,ไม่,ไม่,ใช่,ไม่,ไม่,ไม่,ไม่,ไม่,บุตร,บุตร/หลาน
ภาคตะวันออกเฉียงเหนือ,มุกดาหาร,ดอนตาล,ป่าไร่,หญิง,9.0,วัยเด็กตอนกลาง 7 - 12 ปี,โสด,ไม่ระบุ,ใช่,ใช่,ไม่,ใช่,ไม่,ไม่,ไม่,ไม่,ไม่,ไม่,บิดา,ผู้ปกครอง/เครือญาติ
ภาคตะวันออกเฉียงเหนือ,มุกดาหาร,เมืองมุกดาหาร,มุกดาหาร,ชาย,13.0,วัยรุ่น 13 - 18 ปี,โสด,ไม่ระบุ,ไม่,ไม่,ใช่,ใช่,ไม่,ไม่,ไม่,ไม่,ไม่,ใช่,ตา,ผู้ปกครอง/เครือญาติ
ภาคตะวันออกเฉียงเหนือ,มุกดาหาร,นิคมคำสร้อย,หนองแวง,หญิง,80.0,วัยสูงอายุ 60 ปีขึ้นไป,หม้าย (กรณีคู่สมรสเสียชีวิต),ไม่ระบุ,ใช่,ไม่,ไม่,ไม่,ไม่,ไม่,ไม่,ไม่,ไม่,ไม่,บุตร,บุตร/หลาน
ภาคตะวันออกเฉียงเหนือ,มุกดาหาร,เมืองมุกดาหาร,มุกดาหาร,หญิง,13.0,วัยรุ่น 13 - 18 ปี,โสด,ไม่ระบุ,ใช่,ไม่,ไม่,ไม่,ไม่,ไม่,ไม่,ไม่,ไม่,ไม่,บิดา,ผู้ปกครอง/เครือญาติ
ภาคตะวันออกเฉียงเหนือ,มุกดาหาร,เมืองมุกดาหาร,มุกดาหาร,หญิง,70.0,วัยสูงอายุ 60 ปีขึ้นไป,สมรส,จดทะเบียนสมรสแล้ว,ใช่,ไม่,ไม่,ใช่,ไม่,ไม่,ไม่,ไม่,ไม่,ไม่,บิดา,ผู้ปกครอง/เครือญาติ
ภาคตะวันออกเฉียงเหนือ,มุกดาหาร,คำชะอี,คำชะอี,ชาย,7.0,วัยเด็กตอนกลาง 7 - 12 ปี,โสด,ไม่ระบุ,ไม่,ใช่,ไม่,ไม่,ไม่,ไม่,ไม่,ไม่,ไม่,ไม่,บิดา,ผู้ปกครอง/เครือญาติ
ภาคตะวันออกเฉียงเหนือ,ยโสธร,คำเขื่อนแก้ว,สงเปือย,หญิง,17.0,วัยรุ่น 13 - 18 ปี,โสด,ไม่ระบุ,ใช่,ไม่,ใช่,ใช่,ไม่,ไม่,ไม่,ไม่,ไม่,ไม่,บุตร,บุตร/หลาน
ภาคตะวันออกเฉียงเหนือ,ยโสธร,เลิงนกทา,สามแยก,หญิง,14.0,วัยรุ่น 13 - 18 ปี,โสด,ไม่ระบุ,ใช่,ใช่,ใช่,ใช่,ไม่,ไม่,ใช่,ไม่,ไม่,ไม่,บิดา,ผู้ปกครอง/เครือญาติ
ภาคตะวันออกเฉียงเหนือ,ยโสธร,ทรายมูล,ทรายมูล,หญิง,42.0,วัยกลางคน 36 - 59 ปี,โสด,ไม่ระบุ,ใช่,ไม่,ใช่,ใช่,ไม่,ไม่,ไม่,ใช่,ไม่,ใช่,"คู่ชีวิต,สามี",คู่สมรส/คู่รัก
ภาคตะวันออกเฉียงเหนือ,ยโสธร,เลิงนกทา,สวาท,หญิง,21.0,วัยผู้ใหญ่ตอนต้น 19 - 35 ปี,โสด,ไม่ระบุ,ใช่,ไม่,ใช่,ใช่,ใช่,ไม่,ไม่,ไม่,ไม่,ไม่,"คู่ชีวิต,สามี",คู่สมรส/คู่รัก
ภาคตะวันออกเฉียงเหนือ,ยโสธร,เมืองยโสธร,เดิด,ชาย,3.0,วัยเด็กเล็กแรกเกิด - 6 ปี,โสด,ไม่ระบุ,ใช่,ไม่,ใช่,ใช่,ไม่,ไม่,ไม่,ไม่,ไม่,ไม่,ลูกเลี้ยง,บุตร/หลาน
ภาคตะวันออกเฉียงเหนือ,ร้อยเอ็ด,เสลภูมิ,พรสวรรค์,หญิง,45.0,วัยกลางคน 36 - 59 ปี,สมรส,จดทะเบียนสมรสแล้ว,ใช่,ใช่,ใช่,ใช่,ไม่,ไม่,ไม่,ไม่,ไม่,ใช่,"คู่ชีวิต,สามี",คู่สมรส/คู่รัก
ภาคตะวันออกเฉียงเหนือ,ร้อยเอ็ด,เมืองร้อยเอ็ด,หนองแวง,หญิง,33.0,วัยผู้ใหญ่ตอนต้น 19 - 35 ปี,สมรส,ยังไม่ได้จดทะเบียนสมรส,ใช่,ใช่,ไม่,ไม่,ใช่,ไม่,ไม่,ไม่,ใช่,ไม่,"คู่ชีวิต,ภรรยา",คู่สมรส/คู่รัก
ภาคตะวันออกเฉียงเหนือ,ร้อยเอ็ด,เมืองร้อยเอ็ด,หนองแวง,หญิง,19.0,วัยผู้ใหญ่ตอนต้น 19 - 35 ปี,สมรส,ยังไม่ได้จดทะเบียนสมรส,ใช่,ไม่,ใช่,ใช่,ใช่,ไม่,ไม่,ไม่,ไม่,ไม่,"คู่ชีวิต,สามี",คู่สมรส/คู่รัก
ภาคตะวันออกเฉียงเหนือ,ร้อยเอ็ด,เมืองร้อยเอ็ด,ในเมือง,หญิง,60.0,วัยสูงอายุ 60 ปีขึ้นไป,หม้าย (กรณีคู่สมรสเสียชีวิต),ไม่ระบุ,ใช่,ใช่,ไม่,ไม่,ไม่,ไม่,ไม่,ใช่,ไม่,ไม่,บุตร,บุตร/หลาน
ภาคตะวันออกเฉียงเหนือ,ร้อยเอ็ด,เมืองร้อยเอ็ด,หนองแวง,หญิง,47.0,วัยกลางคน 36 - 59 ปี,สมรส,ยังไม่ได้จดทะเบียนสมรส,ไม่,ไม่,ใช่,ไม่,ไม่,ไม่,ไม่,ไม่,ใช่,ไม่,"คู่ชีวิต,สามี",คู่สมรส/คู่รัก
ภาคตะวันออกเฉียงเหนือ,ร้อยเอ็ด,ธวัชบุรี,เมืองน้อย,หญิง,46.0,วัยกลางคน 36 - 59 ปี,สมรส,จดทะเบียนสมรสแล้ว,ไม่,ใช่,ไม่,ไม่,ใช่,ไม่,ไม่,ไม่,ไม่,ไม่,"คู่ชีวิต,สามี",คู่สมรส/คู่รัก
ภาคตะวันออกเฉียงเหนือ,ร้อยเอ็ด,เมืองร้อยเอ็ด,ในเมือง,หญิง,42.0,วัยกลางคน 36 - 59 ปี,แยกกันอยู่,จดทะเบียนหย่า,ไม่,ใช่,ไม่,ไม่,ใช่,ไม่,ไม่,ไม่,ไม่,ไม่,"คู่ชีวิต,อดีตสามี",คู่สมรส/คู่รัก
ภาคตะวันออกเฉียงเหนือ,ร้อยเอ็ด,ธวัชบุรี,เมืองน้อย,หญิง,46.0,วัยกลางคน 36 - 59 ปี,สมรส,จดทะเบียนสมรสแล้ว,ไม่,ไม่,ไม่,ไม่,ใช่,ไม่,ไม่,ไม่,ไม่,ไม่,"คู่ชีวิต,สามี",คู่สมรส/คู่รัก
ภาคตะวันออกเฉียงเหนือ,ร้อยเอ็ด,เสลภูมิ,ขวาว,หญิง,72.0,วัยสูงอายุ 60 ปีขึ้นไป,หม้าย (กรณีคู่สมรสเสียชีวิต),ไม่ระบุ,ใช่,ใช่,ไม่,ไม่,ไม่,ไม่,ไม่,ไม่,ไม่,ไม่,บุตร,บุตร/หลาน
ภาคตะวันออกเฉียงเหนือ,ร้อยเอ็ด,เมืองร้อยเอ็ด,ในเมือง,หญิง,28.0,วัยผู้ใหญ่ตอนต้น 19 - 35 ปี,สมรส,จดทะเบียนสมรสแล้ว,ไม่,ไม่,ใช่,ใช่,ใช่,ไม่,ไม่,ไม่,ไม่,ไม่,"คู่ชีวิต,สามี",คู่สมรส/คู่รัก
ภาคตะวันออกเฉียงเหนือ,ร้อยเอ็ด,สุวรรณภูมิ,สระคู,หญิง,48.0,วัยกลางคน 36 - 59 ปี,สมรส,จดทะเบียนสมรสแล้ว,ใช่,ใช่,ไม่,ไม่,ไม่,ไม่,ไม่,ใช่,ไม่,ไม่,อื่นๆ เพื่อนบ้าน,อื่น ๆ
ภาคตะวันออกเฉียงเหนือ,ศรีสะเกษ,เมืองศรีสะเกษ,หนองครก,หญิง,52.0,วัยกลางคน 36 - 59 ปี,หม้าย (กรณีคู่สมรสเสียชีวิต),ไม่ระบุ,ใช่,ใช่,ไม่,ไม่,ไม่,ไม่,ไม่,ไม่,ไม่,ไม่,มารดา,ผู้ปกครอง/เครือญาติ
ภาคตะวันออกเฉียงเหนือ,ศรีสะเกษ,บึงบูรพ์,เป๊าะ,หญิง,15.0,วัยรุ่น 13 - 18 ปี,โสด,ไม่ระบุ,ใช่,ไม่,ใช่,ไม่,ไม่,ไม่,ไม่,ไม่,ไม่,ไม่,ลุง,ผู้ปกครอง/เครือญาติ
ภาคตะวันออกเฉียงเหนือ,ศรีสะเกษ,เมืองศรีสะเกษ,จาน,หญิง,63.0,วัยสูงอายุ 60 ปีขึ้นไป,หม้าย (กรณีคู่สมรสเสียชีวิต),ไม่ระบุ,ใช่,ใช่,ไม่,ไม่,ไม่,ไม่,ไม่,ไม่,ไม่,ไม่,บุตร,บุตร/หลาน
ภาคตะวันออกเฉียงเหนือ,ศรีสะเกษ,ภูสิงห์,ไพรพัฒนา,หญิง,33.0,วัยผู้ใหญ่ตอนต้น 19 - 35 ปี,สมรส,ยังไม่ได้จดทะเบียนสมรส,ใช่,ใช่,ใช่,ไม่,ไม่,ไม่,ไม่,ไม่,ไม่,ไม่,"คู่ชีวิต,สามี",คู่สมรส/คู่รัก
ภาคตะวันออกเฉียงเหนือ,สกลนคร,สว่างแดนดิน,สว่างแดนดิน,หญิง,35.0,วัยผู้ใหญ่ตอนต้น 19 - 35 ปี,โสด,ไม่ระบุ,ใช่,ไม่,ไม่,ใช่,ไม่,ไม่,ไม่,ไม่,ไม่,ไม่,บิดา,ผู้ปกครอง/เครือญาติ
ภาคตะวันออกเฉียงเหนือ,สกลนคร,เมืองสกลนคร,ห้วยยาง,หญิง,60.0,วัยสูงอายุ 60 ปีขึ้นไป,สมรส,จดทะเบียนสมรสแล้ว,ไม่,ใช่,ไม่,ไม่,ไม่,ไม่,ไม่,ไม่,ไม่,ไม่,บุตร,บุตร/หลาน
ภาคตะวันออกเฉียงเหนือ,สกลนคร,ภูพาน,โคกภู,หญิง,33.0,วัยผู้ใหญ่ตอนต้น 19 - 35 ปี,แยกกันอยู่,ยังไม่ได้จดทะเบียนหย่า,ใช่,ไม่,ใช่,ใช่,ไม่,ไม่,ไม่,ไม่,ไม่,ไม่,บิดา,ผู้ปกครอง/เครือญาติ
ภาคตะวันออกเฉียงเหนือ,สกลนคร,บ้านม่วง,หนองกวั่ง,ชาย,26.0,วัยผู้ใหญ่ตอนต้น 19 - 35 ปี,โสด,ไม่ระบุ,ไม่,ใช่,ใช่,ใช่,ไม่,ไม่,ไม่,ไม่,ไม่,ไม่,บิดา,ผู้ปกครอง/เครือญาติ
ภาคตะวันออกเฉียงเหนือ,สกลนคร,เมืองสกลนคร,ห้วยยาง,หญิง,40.0,วัยกลางคน 36 - 59 ปี,สมรส,ยังไม่ได้จดทะเบียนสมรส,ใช่,ไม่,ใช่,ใช่,ใช่,ไม่,ไม่,ไม่,ไม่,ไม่,"คู่ชีวิต,สามี",คู่สมรส/คู่รัก
ภาคตะวันออกเฉียงเหนือ,สกลนคร,เมืองสกลนคร,ท่าแร่,หญิง,32.0,วัยผู้ใหญ่ตอนต้น 19 - 35 ปี,โสด,ไม่ระบุ,ใช่,ใช่,ใช่,ใช่,ไม่,ใช่,ไม่,ไม่,ไม่,ไม่,"คู่ชีวิต,อดีตสามี",คู่สมรส/คู่รัก
ภาคตะวันออกเฉียงเหนือ,สกลนคร,เมืองสกลนคร,งิ้วด่อน,หญิง,66.0,วัยสูงอายุ 60 ปีขึ้นไป,สมรส,ยังไม่ได้จดทะเบียนสมรส,ใช่,ไม่,ใช่,ใช่,ไม่,ไม่,ไม่,ไม่,ไม่,ไม่,"คู่ชีวิต,สามี",คู่สมรส/คู่รัก
ภาคตะวันออกเฉียงเหนือ,สกลนคร,สว่างแดนดิน,บ้านถ่อน,หญิง,44.0,วัยกลางคน 36 - 59 ปี,สมรส,จดทะเบียนสมรสแล้ว,ใช่,ไม่,ใช่,ใช่,ไม่,ไม่,ไม่,ไม่,ไม่,ไม่,"คู่ชีวิต,สามี",คู่สมรส/คู่รัก
ภาคตะวันออกเฉียงเหนือ,สกลนคร,พังโคน,พังโคน,ชาย,66.0,วัยสูงอายุ 60 ปีขึ้นไป,หม้าย (กรณีคู่สมรสเสียชีวิต),ไม่ระบุ,ไม่,ไม่,ใช่,ไม่,ไม่,ไม่,ไม่,ไม่,ไม่,ไม่,บุตร,บุตร/หลาน
ภาคตะวันออกเฉียงเหนือ,สกลนคร,พังโคน,พังโคน,หญิง,33.0,วัยผู้ใหญ่ตอนต้น 19 - 35 ปี,โสด,ไม่ระบุ,ไม่,ไม่,ใช่,ไม่,ไม่,ไม่,ไม่,ไม่,ไม่,ไม่,พี่น้อง/ลูกพี่ลูกน้อง,บุตร/หลาน
ภาคตะวันออกเฉียงเหนือ,สุรินทร์,รัตนบุรี,รัตนบุรี,หญิง,47.0,วัยกลางคน 36 - 59 ปี,โสด,ไม่ระบุ,ใช่,ไม่,ไม่,ใช่,ใช่,ไม่,ไม่,ไม่,ไม่,ใช่,บุตร,บุตร/หลาน
ภาคตะวันออกเฉียงเหนือ,สุรินทร์,รัตนบุรี,รัตนบุรี,หญิง,18.0,วัยรุ่น 13 - 18 ปี,โสด,ไม่ระบุ,ไม่,ไม่,ไม่,ใช่,ไม่,ไม่,ไม่,ไม่,ไม่,ไม่,บิดา,ผู้ปกครอง/เครือญาติ
ภาคตะวันออกเฉียงเหนือ,สุรินทร์,บัวเชด,สำเภาลูน,หญิง,54.0,วัยกลางคน 36 - 59 ปี,แยกกันอยู่,จดทะเบียนหย่า,ใช่,ไม่,ไม่,ใช่,ไม่,ไม่,ไม่,ไม่,ไม่,ไม่,พี่น้อง/ลูกพี่ลูกน้อง,บุตร/หลาน
ภาคตะวันออกเฉียงเหนือ,สุรินทร์,สนม,สนม,หญิง,45.0,วัยกลางคน 36 - 59 ปี,สมรส,จดทะเบียนสมรสแล้ว,ใช่,ไม่,ไม่,ใช่,ไม่,ไม่,ไม่,ไม่,ไม่,ใช่,"คู่ชีวิต,สามี",คู่สมรส/คู่รัก
ภาคตะวันออกเฉียงเหนือ,สุรินทร์,เมืองสุรินทร์,ในเมือง,หญิง,27.0,วัยผู้ใหญ่ตอนต้น 19 - 35 ปี,โสด,ไม่ระบุ,ใช่,ไม่,ไม่,ใช่,ไม่,ไม่,ไม่,ไม่,ไม่,ไม่,"คู่ชีวิต,สามี",คู่สมรส/คู่รัก
ภาคตะวันออกเฉียงเหนือ,สุรินทร์,เมืองสุรินทร์,กาเกาะ,หญิง,57.0,วัยกลางคน 36 - 59 ปี,สมรส,จดทะเบียนสมรสแล้ว,ไม่,ไม่,ไม่,ใช่,ไม่,ไม่,ไม่,ไม่,ไม่,ไม่,"คู่ชีวิต,สามี",คู่สมรส/คู่รัก
ภาคตะวันออกเฉียงเหนือ,หนองคาย,โพธิ์ตาก,โพนทอง,ชาย,49.0,วัยกลางคน 36 - 59 ปี,แยกกันอยู่,ยังไม่ได้จดทะเบียนหย่า,ไม่,ไม่,ไม่,ไม่,ไม่,ใช่,ไม่,ไม่,ไม่,ไม่,บิดา,ผู้ปกครอง/เครือญาติ
ภาคตะวันออกเฉียงเหนือ,หนองคาย,ท่าบ่อ,บ้านเดื่อ,หญิง,37.0,วัยกลางคน 36 - 59 ปี,สมรส,ยังไม่ได้จดทะเบียนสมรส,ไม่,ไม่,ไม่,ไม่,ไม่,ไม่,ไม่,ไม่,ไม่,ใช่,หลาน,บุตร/หลาน
ภาคตะวันออกเฉียงเหนือ,หนองคาย,เมืองหนองคาย,โพธิ์ชัย,หญิง,32.0,วัยผู้ใหญ่ตอนต้น 19 - 35 ปี,แยกกันอยู่,ยังไม่ได้จดทะเบียนหย่า,ไม่,ไม่,ไม่,ไม่,ใช่,ไม่,ไม่,ไม่,ไม่,ไม่,อื่นๆ สามี,คู่สมรส/คู่รัก
ภาคตะวันออกเฉียงเหนือ,หนองคาย,เมืองหนองคาย,วัดธาตุ,ชาย,2.0,วัยเด็กเล็กแรกเกิด - 6 ปี,โสด,ไม่ระบุ,ไม่,ใช่,ไม่,ไม่,ไม่,ไม่,ไม่,ไม่,ไม่,ไม่,บิดา,ผู้ปกครอง/เครือญาติ
ภาคตะวันออกเฉียงเหนือ,หนองคาย,เมืองหนองคาย,โพธิ์ชัย,ชาย,62.0,วัยสูงอายุ 60 ปีขึ้นไป,สมรส,ยังไม่ได้จดทะเบียนสมรส,ไม่,ไม่,ไม่,ไม่,ใช่,ไม่,ไม่,ไม่,ไม่,ไม่,อื่นๆ สามีเก่า,คู่สมรส/คู่รัก
ภาคตะวันออกเฉียงเหนือ,หนองคาย,เมืองหนองคาย,โพธิ์ชัย,หญิง,66.0,วัยสูงอายุ 60 ปีขึ้นไป,แยกกันอยู่,ยังไม่ได้จดทะเบียนหย่า,ไม่,ไม่,ไม่,ไม่,ไม่,ไม่,ไม่,ใช่,ไม่,ไม่,บุตร,บุตร/หลาน
ภาคตะวันออกเฉียงเหนือ,หนองคาย,โพนพิสัย,เหล่าต่างคำ,หญิง,41.0,วัยกลางคน 36 - 59 ปี,สมรส,ยังไม่ได้จดทะเบียนสมรส,ไม่,ไม่,ไม่,ไม่,ไม่,ไม่,ไม่,ใช่,ไม่,ไม่,บุตร,บุตร/หลาน
ภาคตะวันออกเฉียงเหนือ,หนองคาย,เฝ้าไร่,เฝ้าไร่,หญิง,22.0,วัยผู้ใหญ่ตอนต้น 19 - 35 ปี,โสด,ไม่ระบุ,ใช่,ไม่,ไม่,ไม่,ไม่,ไม่,ไม่,ไม่,ไม่,ไม่,บิดา,ผู้ปกครอง/เครือญาติ
ภาคตะวันออกเฉียงเหนือ,หนองคาย,เฝ้าไร่,วังหลวง,หญิง,20.0,วัยผู้ใหญ่ตอนต้น 19 - 35 ปี,สมรส,ยังไม่ได้จดทะเบียนสมรส,ไม่,ไม่,ไม่,ใช่,ไม่,ไม่,ไม่,ไม่,ไม่,ไม่,"คู่ชีวิต,สามี",คู่สมรส/คู่รัก
ภาคตะวันออกเฉียงเหนือ,หนองคาย,โพนพิสัย,จุมพล,ชาย,18.0,วัยรุ่น 13 - 18 ปี,โสด,ไม่ระบุ,ใช่,ใช่,ไม่,ไม่,ไม่,ไม่,ใช่,ไม่,ไม่,ไม่,บุตร,บุตร/หลาน
ภาคตะวันออกเฉียงเหนือ,หนองคาย,เมืองหนองคาย,โพธิ์ชัย,หญิง,19.0,วัยผู้ใหญ่ตอนต้น 19 - 35 ปี,โสด,ไม่ระบุ,ไม่,ไม่,ไม่,ไม่,ใช่,ไม่,ไม่,ไม่,ไม่,ไม่,อื่นๆ แฟน,คู่สมรส/คู่รัก
ภาคตะวันออกเฉียงเหนือ,หนองคาย,สังคม,ผาตั้ง,หญิง,46.0,วัยกลางคน 36 - 59 ปี,แยกกันอยู่,จดทะเบียนหย่า,ไม่,ไม่,ไม่,ไม่,ไม่,ไม่,ไม่,ใช่,ไม่,ไม่,"คู่ชีวิต,สามี",คู่สมรส/คู่รัก
ภาคตะวันออกเฉียงเหนือ,หนองคาย,เมืองหนองคาย,ค่ายบกหวาน,หญิง,58.0,วัยกลางคน 36 - 59 ปี,สมรส,จดทะเบียนสมรสแล้ว,ไม่,ไม่,ไม่,ไม่,ใช่,ไม่,ไม่,ใช่,ไม่,ไม่,"คู่ชีวิต,สามี",คู่สมรส/คู่รัก
ภาคตะวันออกเฉียงเหนือ,หนองคาย,เมืองหนองคาย,โพธิ์ชัย,หญิง,28.0,วัยผู้ใหญ่ตอนต้น 19 - 35 ปี,สมรส,ยังไม่ได้จดทะเบียนสมรส,ไม่,ไม่,ไม่,ไม่,ใช่,ไม่,ไม่,ไม่,ไม่,ไม่,"คู่ชีวิต,สามี",คู่สมรส/คู่รัก
ภาคตะวันออกเฉียงเหนือ,หนองคาย,เมืองหนองคาย,หาดคำ,หญิง,19.0,วัยผู้ใหญ่ตอนต้น 19 - 35 ปี,โสด,ไม่ระบุ,ไม่,ไม่,ไม่,ไม่,ไม่,ไม่,ไม่,ใช่,ไม่,ไม่,อื่นๆ แฟน,คู่สมรส/คู่รัก
ภาคตะวันออกเฉียงเหนือ,หนองคาย,เมืองหนองคาย,หาดคำ,หญิง,70.0,วัยสูงอายุ 60 ปีขึ้นไป,หม้าย (กรณีคู่สมรสเสียชีวิต),ไม่ระบุ,ไม่,ไม่,ไม่,ไม่,ไม่,ไม่,ไม่,ไม่,ไม่,ใช่,หลาน,บุตร/หลาน
ภาคตะวันออกเฉียงเหนือ,อุดรธานี,เมืองอุดรธานี,หมากแข้ง,หญิง,31.0,วัยผู้ใหญ่ตอนต้น 19 - 35 ปี,โสด,ไม่ระบุ,ใช่,ไม่,ใช่,ไม่,ใช่,ไม่,ไม่,ไม่,ไม่,ใช่,"คู่ชีวิต,ภรรยา",คู่สมรส/คู่รัก
ภาคตะวันออกเฉียงเหนือ,อุดรธานี,เมืองอุดรธานี,เชียงยืน,หญิง,23.0,วัยผู้ใหญ่ตอนต้น 19 - 35 ปี,โสด,ไม่ระบุ,ไม่,ไม่,ใช่,ไม่,ไม่,ไม่,ไม่,ไม่,ไม่,ใช่,"คู่ชีวิต,สามี",คู่สมรส/คู่รัก
ภาคตะวันออกเฉียงเหนือ,อุดรธานี,เมืองอุดรธานี,หมากแข้ง,หญิง,36.0,วัยกลางคน 36 - 59 ปี,สมรส,จดทะเบียนสมรสแล้ว,ไม่,ไม่,ใช่,ไม่,ใช่,ไม่,ไม่,ไม่,ไม่,ไม่,"คู่ชีวิต,ภรรยา",คู่สมรส/คู่รัก
ภาคตะวันออกเฉียงเหนือ,อุดรธานี,เมืองอุดรธานี,หนองนาคำ,หญิง,57.0,วัยกลางคน 36 - 59 ปี,สมรส,ยังไม่ได้จดทะเบียนสมรส,ใช่,ไม่,ไม่,ใช่,ไม่,ไม่,ไม่,ไม่,ไม่,ไม่,"คู่ชีวิต,ภรรยา",คู่สมรส/คู่รัก
ภาคตะวันออกเฉียงเหนือ,อุดรธานี,เมืองอุดรธานี,หมากแข้ง,ชาย,70.0,วัยสูงอายุ 60 ปีขึ้นไป,สมรส,จดทะเบียนสมรสแล้ว,ใช่,ใช่,ไม่,ไม่,ไม่,ไม่,ไม่,ใช่,ไม่,ใช่,บิดา,ผู้ปกครอง/เครือญาติ
ภาคตะวันออกเฉียงเหนือ,อุดรธานี,เมืองอุดรธานี,หมากแข้ง,ชาย,29.0,วัยผู้ใหญ่ตอนต้น 19 - 35 ปี,สมรส,จดทะเบียนสมรสแล้ว,ไม่,ไม่,ไม่,ใช่,ใช่,ไม่,ไม่,ไม่,ไม่,ไม่,"คู่ชีวิต,ภรรยา",คู่สมรส/คู่รัก
ภาคตะวันออกเฉียงเหนือ,อุดรธานี,หนองหาน,หนองหาน,หญิง,44.0,วัยกลางคน 36 - 59 ปี,สมรส,จดทะเบียนสมรสแล้ว,ไม่,ใช่,ไม่,ไม่,ไม่,ไม่,ไม่,ไม่,ไม่,ไม่,มารดา,ผู้ปกครอง/เครือญาติ
ภาคตะวันออกเฉียงเหนือ,อุดรธานี,ทุ่งฝน,นาชุมแสง,หญิง,80.0,วัยสูงอายุ 60 ปีขึ้นไป,หม้าย (กรณีคู่สมรสเสียชีวิต),ไม่ระบุ,ไม่,ไม่,ไม่,ไม่,ไม่,ไม่,ไม่,ใช่,ไม่,ไม่,มารดา,ผู้ปกครอง/เครือญาติ
ภาคตะวันออกเฉียงเหนือ,อุดรธานี,น้ำโสม,น้ำโสม,หญิง,74.0,วัยสูงอายุ 60 ปีขึ้นไป,โสด,ไม่ระบุ,ไม่,ไม่,ไม่,ใช่,ไม่,ไม่,ไม่,ใช่,ไม่,ไม่,หลาน,บุตร/หลาน
ภาคตะวันออกเฉียงเหนือ,อุดรธานี,น้ำโสม,น้ำโสม,หญิง,77.0,วัยสูงอายุ 60 ปีขึ้นไป,โสด,ไม่ระบุ,ไม่,ไม่,ไม่,ใช่,ไม่,ไม่,ไม่,ใช่,ไม่,ไม่,หลาน,บุตร/หลาน
ภาคตะวันออกเฉียงเหนือ,อุบลราชธานี,พิบูลมังสาหาร,อ่างศิลา,ชาย,9.0,วัยเด็กตอนกลาง 7 - 12 ปี,โสด,ไม่ระบุ,ไม่,ไม่,ไม่,ใช่,ไม่,ไม่,ไม่,ไม่,ไม่,ใช่,มารดา,ผู้ปกครอง/เครือญาติ
ภาคตะวันออกเฉียงเหนือ,อุบลราชธานี,โพธิ์ไทร,โพธิ์ไทร,หญิง,42.0,วัยกลางคน 36 - 59 ปี,สมรส,จดทะเบียนสมรสแล้ว,ไม่,ไม่,ไม่,ไม่,ใช่,ไม่,ไม่,ไม่,ไม่,ไม่,"คู่ชีวิต,สามี",คู่สมรส/คู่รัก
ภาคตะวันออกเฉียงเหนือ,เลย,เมืองเลย,นาโป่ง,หญิง,24.0,วัยผู้ใหญ่ตอนต้น 19 - 35 ปี,โสด,ไม่ระบุ,ไม่,ใช่,ใช่,ใช่,ใช่,ไม่,ไม่,ใช่,ใช่,ไม่,"คู่ชีวิต,ภรรยา",คู่สมรส/คู่รัก
ภาคตะวันออกเฉียงเหนือ,เลย,เชียงคาน,บุฮม,หญิง,52.0,วัยกลางคน 36 - 59 ปี,แยกกันอยู่,จดทะเบียนหย่า,ไม่,ใช่,ใช่,ใช่,ไม่,ไม่,ไม่,ใช่,ไม่,ใช่,มารดา,ผู้ปกครอง/เครือญาติ
ภาคเหนือ,กำแพงเพชร,บึงสามัคคี,ระหาน,หญิง,12.0,วัยเด็กตอนกลาง 7 - 12 ปี,โสด,ไม่ระบุ,ใช่,ไม่,ไม่,ไม่,ไม่,ไม่,ไม่,ไม่,ไม่,ไม่,บิดา,ผู้ปกครอง/เครือญาติ
ภาคเหนือ,กำแพงเพชร,ขาณุวรลักษบุรี,วังชะพลู,หญิง,18.0,วัยรุ่น 13 - 18 ปี,โสด,ไม่ระบุ,ไม่,ไม่,ไม่,ไม่,ไม่,ไม่,ไม่,ไม่,ไม่,ใช่,บิดา,ผู้ปกครอง/เครือญาติ
ภาคเหนือ,กำแพงเพชร,เมืองกำแพงเพชร,ท่าขุนราม,หญิง,22.0,วัยผู้ใหญ่ตอนต้น 19 - 35 ปี,สมรส,ยังไม่ได้จดทะเบียนสมรส,ไม่,ใช่,ใช่,ไม่,ใช่,ไม่,ไม่,ไม่,ไม่,ไม่,"คู่ชีวิต,สามี",คู่สมรส/คู่รัก
ภาคเหนือ,กำแพงเพชร,ไทรงาม,หนองคล้า,ชาย,44.0,วัยกลางคน 36 - 59 ปี,โสด,ไม่ระบุ,ไม่,ไม่,ไม่,ใช่,ไม่,ไม่,ไม่,ไม่,ไม่,ไม่,พี่น้อง/ลูกพี่ลูกน้อง,บุตร/หลาน
ภาคเหนือ,กำแพงเพชร,เมืองกำแพงเพชร,ในเมือง,หญิง,28.0,วัยผู้ใหญ่ตอนต้น 19 - 35 ปี,แยกกันอยู่,ยังไม่ได้จดทะเบียนหย่า,ไม่,ไม่,ใช่,ไม่,ใช่,ไม่,ไม่,ไม่,ไม่,ไม่,"คู่ชีวิต,อดีตสามี",คู่สมรส/คู่รัก
ภาคเหนือ,กำแพงเพชร,ขาณุวรลักษบุรี,สลกบาตร,ชาย,64.0,วัยสูงอายุ 60 ปีขึ้นไป,หม้าย (กรณีคู่สมรสเสียชีวิต),ไม่ระบุ,ไม่,ไม่,ไม่,ไม่,ไม่,ไม่,ไม่,ใช่,ไม่,ไม่,บุตร,บุตร/หลาน
ภาคเหนือ,กำแพงเพชร,บึงสามัคคี,วังชะโอน,ชาย,14.0,วัยรุ่น 13 - 18 ปี,โสด,ไม่ระบุ,ไม่,ใช่,ใช่,ไม่,ไม่,ไม่,ไม่,ไม่,ไม่,ไม่,บิดา,ผู้ปกครอง/เครือญาติ
ภาคเหนือ,กำแพงเพชร,เมืองกำแพงเพชร,ในเมือง,ชาย,52.0,วัยกลางคน 36 - 59 ปี,สมรส,ยังไม่ได้จดทะเบียนสมรส,ไม่,ใช่,ไม่,ไม่,ไม่,ไม่,ไม่,ใช่,ไม่,ไม่,อื่นๆ ภรรยา,คู่สมรส/คู่รัก
ภาคเหนือ,กำแพงเพชร,โกสัมพีนคร,โกสัมพี,ชาย,10.0,วัยเด็กตอนกลาง 7 - 12 ปี,โสด,ไม่ระบุ,ใช่,ใช่,ใช่,ไม่,ไม่,ไม่,ไม่,ไม่,ไม่,ไม่,พ่อเลี้ยง,พ่อเลี้ยง/แม่เลี้ยง
ภาคเหนือ,กำแพงเพชร,โกสัมพีนคร,โกสัมพี,หญิง,29.0,วัยผู้ใหญ่ตอนต้น 19 - 35 ปี,สมรส,ยังไม่ได้จดทะเบียนสมรส,ไม่,ใช่,ไม่,ไม่,ไม่,ไม่,ไม่,ไม่,ไม่,ไม่,"คู่ชีวิต,สามี",คู่สมรส/คู่รัก
ภาคเหนือ,ตาก,เมืองตาก,ป่ามะม่วง,หญิง,52.0,วัยกลางคน 36 - 59 ปี,โสด,ไม่ระบุ,ไม่,ใช่,ไม่,ไม่,ไม่,ไม่,ไม่,ไม่,ไม่,ไม่,หลาน,บุตร/หลาน
ภาคเหนือ,ตาก,เมืองตาก,หนองบัวเหนือ,หญิง,11.0,วัยเด็กตอนกลาง 7 - 12 ปี,โสด,ไม่ระบุ,ไม่,ไม่,ไม่,ไม่,ไม่,ไม่,ไม่,ไม่,ไม่,ใช่,หลาน,บุตร/หลาน
ภาคเหนือ,ตาก,เมืองตาก,วังหิน,หญิง,34.0,วัยผู้ใหญ่ตอนต้น 19 - 35 ปี,สมรส,ยังไม่ได้จดทะเบียนสมรส,ไม่,ใช่,ไม่,ไม่,ไม่,ไม่,ไม่,ไม่,ไม่,ไม่,"คู่ชีวิต,ภรรยา",คู่สมรส/คู่รัก
ภาคเหนือ,ตาก,เมืองตาก,ป่ามะม่วง,ชาย,7.0,วัยเด็กตอนกลาง 7 - 12 ปี,โสด,ไม่ระบุ,ไม่,ใช่,ไม่,ไม่,ไม่,ไม่,ไม่,ไม่,ไม่,ไม่,บิดา,ผู้ปกครอง/เครือญาติ
ภาคเหนือ,ตาก,แม่สอด,แม่ตาว,ชาย,63.0,วัยสูงอายุ 60 ปีขึ้นไป,สมรส,ยังไม่ได้จดทะเบียนสมรส,ใช่,ใช่,ไม่,ไม่,ไม่,ไม่,ไม่,ไม่,ไม่,ไม่,บุตร,บุตร/หลาน
ภาคเหนือ,นครสวรรค์,เมืองนครสวรรค์,หนองปลิง,หญิง,36.0,วัยกลางคน 36 - 59 ปี,สมรส,ยังไม่ได้จดทะเบียนสมรส,ไม่,ใช่,ไม่,ไม่,ใช่,ไม่,ไม่,ไม่,ไม่,ไม่,"คู่ชีวิต,สามี",คู่สมรส/คู่รัก
ภาคเหนือ,นครสวรรค์,เมืองนครสวรรค์,ปากน้ำโพ,หญิง,32.0,วัยผู้ใหญ่ตอนต้น 19 - 35 ปี,แยกกันอยู่,จดทะเบียนหย่า,ไม่,ไม่,ใช่,ไม่,ใช่,ใช่,ไม่,ไม่,ไม่,ไม่,"คู่ชีวิต,อดีตสามี",คู่สมรส/คู่รัก
ภาคเหนือ,นครสวรรค์,พยุหะคีรี,น้ำทรง,หญิง,30.0,วัยผู้ใหญ่ตอนต้น 19 - 35 ปี,แยกกันอยู่,จดทะเบียนหย่า,ไม่,ใช่,ไม่,ไม่,ไม่,ไม่,ไม่,ไม่,ใช่,ไม่,"คู่ชีวิต,อดีตสามี",คู่สมรส/คู่รัก
ภาคเหนือ,นครสวรรค์,แม่เปิน,แม่เปิน,หญิง,21.0,วัยผู้ใหญ่ตอนต้น 19 - 35 ปี,สมรส,ยังไม่ได้จดทะเบียนสมรส,ใช่,ใช่,ใช่,ไม่,ใช่,ไม่,ไม่,ไม่,ไม่,ไม่,"คู่ชีวิต,อดีตสามี",คู่สมรส/คู่รัก
ภาคเหนือ,นครสวรรค์,ตากฟ้า,เขาชายธง,หญิง,50.0,วัยกลางคน 36 - 59 ปี,แยกกันอยู่,จดทะเบียนหย่า,ไม่,ไม่,ไม่,ไม่,ไม่,ไม่,ไม่,ไม่,ใช่,ไม่,"คู่ชีวิต,อดีตสามี",คู่สมรส/คู่รัก
ภาคเหนือ,นครสวรรค์,เมืองนครสวรรค์,หนองกระโดน,หญิง,53.0,วัยกลางคน 36 - 59 ปี,สมรส,ยังไม่ได้จดทะเบียนสมรส,ใช่,ไม่,ไม่,ไม่,ไม่,ไม่,ไม่,ไม่,ไม่,ไม่,"คู่ชีวิต,สามี",คู่สมรส/คู่รัก
ภาคเหนือ,นครสวรรค์,ชุมแสง,พันลาน,ชาย,71.0,วัยสูงอายุ 60 ปีขึ้นไป,สมรส,ยังไม่ได้จดทะเบียนสมรส,ไม่,ไม่,ไม่,ไม่,ไม่,ไม่,ไม่,ใช่,ไม่,ไม่,บิดา,ผู้ปกครอง/เครือญาติ
ภาคเหนือ,นครสวรรค์,โกรกพระ,หาดสูง,หญิง,38.0,วัยกลางคน 36 - 59 ปี,แยกกันอยู่,ยังไม่ได้จดทะเบียนหย่า,ไม่,ใช่,ไม่,ไม่,ไม่,ไม่,ไม่,ไม่,ใช่,ใช่,"คู่ชีวิต,สามี",คู่สมรส/คู่รัก
ภาคเหนือ,น่าน,เมืองน่าน,สะเนียน,หญิง,55.0,วัยกลางคน 36 - 59 ปี,สมรส,จดทะเบียนสมรสแล้ว,ไม่,ไม่,ไม่,ไม่,ไม่,ไม่,ไม่,ไม่,ไม่,ใช่,"คู่ชีวิต,สามี",คู่สมรส/คู่รัก
ภาคเหนือ,น่าน,เวียงสา,กลางเวียง,หญิง,6.0,วัยเด็กเล็กแรกเกิด - 6 ปี,โสด,ไม่ระบุ,ไม่,ไม่,ใช่,ไม่,ไม่,ไม่,ไม่,ไม่,ไม่,ไม่,มารดา,ผู้ปกครอง/เครือญาติ
ภาคเหนือ,น่าน,เมืองน่าน,นาซาว,ชาย,52.0,วัยกลางคน 36 - 59 ปี,สมรส,จดทะเบียนสมรสแล้ว,ใช่,ไม่,ใช่,ใช่,ใช่,ไม่,ไม่,ไม่,ไม่,ไม่,"คู่ชีวิต,ภรรยา",คู่สมรส/คู่รัก
ภาคเหนือ,น่าน,สันติสุข,พงษ์,หญิง,15.0,วัยรุ่น 13 - 18 ปี,โสด,ไม่ระบุ,ไม่,ไม่,ไม่,ใช่,ไม่,ไม่,ไม่,ไม่,ไม่,ไม่,ลุง,ผู้ปกครอง/เครือญาติ
ภาคเหนือ,น่าน,เชียงกลาง,พญาแก้ว,หญิง,18.0,วัยรุ่น 13 - 18 ปี,โสด,ไม่ระบุ,ไม่,ไม่,ใช่,ไม่,ไม่,ไม่,ไม่,ไม่,ไม่,ไม่,ยาย,ผู้ปกครอง/เครือญาติ
ภาคเหนือ,น่าน,ท่าวังผา,ยม,ชาย,62.0,วัยสูงอายุ 60 ปีขึ้นไป,สมรส,ยังไม่ได้จดทะเบียนสมรส,ไม่,ไม่,ไม่,ไม่,ไม่,ไม่,ไม่,ใช่,ไม่,ไม่,ลูกเลี้ยง,บุตร/หลาน
ภาคเหนือ,น่าน,เชียงกลาง,เปือ,ชาย,41.0,วัยกลางคน 36 - 59 ปี,โสด,ไม่ระบุ,ใช่,ไม่,ไม่,ไม่,ไม่,ไม่,ไม่,ใช่,ไม่,ไม่,พี่น้อง/ลูกพี่ลูกน้อง,บุตร/หลาน
ภาคเหนือ,น่าน,เวียงสา,แม่ขะนิง,หญิง,58.0,วัยกลางคน 36 - 59 ปี,สมรส,จดทะเบียนสมรสแล้ว,ใช่,ไม่,ไม่,ไม่,ไม่,ไม่,ไม่,ไม่,ไม่,ไม่,ลูกเลี้ยง,บุตร/หลาน
ภาคเหนือ,น่าน,ภูเพียง,เมืองจัง,หญิง,43.0,วัยกลางคน 36 - 59 ปี,สมรส,จดทะเบียนสมรสแล้ว,ไม่,ไม่,ใช่,ไม่,ไม่,ไม่,ไม่,ไม่,ไม่,ไม่,"คู่ชีวิต,สามี",คู่สมรส/คู่รัก
ภาคเหนือ,น่าน,ภูเพียง,น้ำแก่น,หญิง,47.0,วัยกลางคน 36 - 59 ปี,โสด,ไม่ระบุ,ไม่,ไม่,ใช่,ไม่,ใช่,ไม่,ไม่,ไม่,ไม่,ไม่,อื่นๆ อดีตแฟน,คู่สมรส/คู่รัก
ภาคเหนือ,น่าน,ทุ่งช้าง,และ,หญิง,46.0,วัยกลางคน 36 - 59 ปี,สมรส,จดทะเบียนสมรสแล้ว,ไม่,ไม่,ใช่,ไม่,ไม่,ไม่,ไม่,ไม่,ไม่,ไม่,"คู่ชีวิต,สามี",คู่สมรส/คู่รัก
ภาคเหนือ,น่าน,เวียงสา,นาเหลือง,ชาย,45.0,วัยกลางคน 36 - 59 ปี,โสด,ไม่ระบุ,ใช่,ใช่,ไม่,ใช่,ไม่,ไม่,ไม่,ไม่,ไม่,ไม่,พี่น้อง/ลูกพี่ลูกน้อง,บุตร/หลาน
ภาคเหนือ,น่าน,ปัว,ป่ากลาง,หญิง,42.0,วัยกลางคน 36 - 59 ปี,สมรส,ยังไม่ได้จดทะเบียนสมรส,ใช่,ไม่,ใช่,ไม่,ใช่,ไม่,ไม่,ไม่,ไม่,ไม่,"คู่ชีวิต,สามี",คู่สมรส/คู่รัก
ภาคเหนือ,น่าน,เมืองน่าน,สะเนียน,หญิง,48.0,วัยกลางคน 36 - 59 ปี,สมรส,จดทะเบียนสมรสแล้ว,ไม่,ไม่,ใช่,ไม่,ใช่,ไม่,ไม่,ไม่,ไม่,ไม่,"คู่ชีวิต,สามี",คู่สมรส/คู่รัก
ภาคเหนือ,น่าน,ปัว,อวน,หญิง,58.0,วัยกลางคน 36 - 59 ปี,สมรส,จดทะเบียนสมรสแล้ว,ไม่,ไม่,ไม่,ไม่,ไม่,ใช่,ไม่,ไม่,ไม่,ใช่,"คู่ชีวิต,สามี",คู่สมรส/คู่รัก
ภาคเหนือ,น่าน,ปัว,ป่ากลาง,หญิง,26.0,วัยผู้ใหญ่ตอนต้น 19 - 35 ปี,สมรส,จดทะเบียนสมรสแล้ว,ไม่,ไม่,ใช่,ใช่,ใช่,ไม่,ไม่,ไม่,ไม่,ไม่,"คู่ชีวิต,สามี",คู่สมรส/คู่รัก
ภาคเหนือ,น่าน,เมืองน่าน,ในเวียง,ชาย,11.0,วัยเด็กตอนกลาง 7 - 12 ปี,โสด,ไม่ระบุ,ไม่,ไม่,ใช่,ไม่,ไม่,ไม่,ไม่,ไม่,ไม่,ไม่,พ่อเลี้ยง,พ่อเลี้ยง/แม่เลี้ยง
ภาคเหนือ,น่าน,เมืองน่าน,บ่อ,ชาย,85.0,วัยสูงอายุ 60 ปีขึ้นไป,โสด,ไม่ระบุ,ใช่,ไม่,ไม่,ไม่,ไม่,ไม่,ไม่,ไม่,ไม่,ไม่,บิดา,ผู้ปกครอง/เครือญาติ
ภาคเหนือ,น่าน,นาหมื่น,นาทะนุง,หญิง,20.0,วัยผู้ใหญ่ตอนต้น 19 - 35 ปี,สมรส,ยังไม่ได้จดทะเบียนสมรส,ใช่,ใช่,ใช่,ไม่,ไม่,ไม่,ไม่,ไม่,ไม่,ไม่,"คู่ชีวิต,สามี",คู่สมรส/คู่รัก
ภาคเหนือ,พะเยา,เมืองพะเยา,แม่ต๋ำ,หญิง,41.0,วัยกลางคน 36 - 59 ปี,แยกกันอยู่,จดทะเบียนหย่า,ใช่,ไม่,ไม่,ไม่,ไม่,ไม่,ไม่,ไม่,ไม่,ไม่,อื่นๆ ภริยาไม่ชอบด้วยกฎหมาย,อื่น ๆ
ภาคเหนือ,พะเยา,ดอกคำใต้,บ้านปิน,หญิง,52.0,วัยกลางคน 36 - 59 ปี,สมรส,จดทะเบียนสมรสแล้ว,ใช่,ไม่,ไม่,ไม่,ไม่,ไม่,ไม่,ใช่,ไม่,ไม่,ลูกสะใภ้,บุตร/หลาน
ภาคเหนือ,พะเยา,จุน,ห้วยยางขาม,หญิง,31.0,วัยผู้ใหญ่ตอนต้น 19 - 35 ปี,สมรส,ยังไม่ได้จดทะเบียนสมรส,ใช่,ใช่,ไม่,ใช่,ไม่,ไม่,ไม่,ใช่,ไม่,ไม่,"คู่ชีวิต,สามี",คู่สมรส/คู่รัก
ภาคเหนือ,พะเยา,เมืองพะเยา,แม่นาเรือ,หญิง,41.0,วัยกลางคน 36 - 59 ปี,สมรส,ยังไม่ได้จดทะเบียนสมรส,ใช่,ไม่,ไม่,ใช่,ไม่,ไม่,ไม่,ไม่,ไม่,ไม่,"คู่ชีวิต,สามี",คู่สมรส/คู่รัก
ภาคเหนือ,พิจิตร,บางมูลนาก,เนินมะกอก,หญิง,52.0,วัยกลางคน 36 - 59 ปี,โสด,ไม่ระบุ,ใช่,ใช่,ไม่,ใช่,ไม่,ไม่,ไม่,ใช่,ไม่,ไม่,ป้า,ผู้ปกครอง/เครือญาติ
ภาคเหนือ,พิจิตร,เมืองพิจิตร,หัวดง,หญิง,55.0,วัยกลางคน 36 - 59 ปี,สมรส,จดทะเบียนสมรสแล้ว,ไม่,ใช่,ไม่,ไม่,ไม่,ใช่,ไม่,ไม่,ไม่,ไม่,บุตร,บุตร/หลาน
ภาคเหนือ,พิจิตร,เมืองพิจิตร,ดงป่าคำ,หญิง,61.0,วัยสูงอายุ 60 ปีขึ้นไป,สมรส,จดทะเบียนสมรสแล้ว,ใช่,ไม่,ไม่,ใช่,ไม่,ไม่,ไม่,ไม่,ไม่,ไม่,บุตร,บุตร/หลาน
ภาคเหนือ,พิจิตร,เมืองพิจิตร,สายคำโห้,หญิง,61.0,วัยสูงอายุ 60 ปีขึ้นไป,หม้าย (กรณีคู่สมรสเสียชีวิต),ไม่ระบุ,ใช่,ใช่,ไม่,ไม่,ไม่,ไม่,ไม่,ใช่,ไม่,ไม่,มารดา,ผู้ปกครอง/เครือญาติ
ภาคเหนือ,พิจิตร,เมืองพิจิตร,ดงกลาง,หญิง,74.0,วัยสูงอายุ 60 ปีขึ้นไป,สมรส,จดทะเบียนสมรสแล้ว,ไม่,ใช่,ใช่,ไม่,ไม่,ไม่,ไม่,ใช่,ไม่,ไม่,บุตร,บุตร/หลาน
ภาคเหนือ,พิจิตร,เมืองพิจิตร,ปากทาง,ชาย,66.0,วัยสูงอายุ 60 ปีขึ้นไป,แยกกันอยู่,ยังไม่ได้จดทะเบียนหย่า,ใช่,ใช่,ไม่,ไม่,ไม่,ไม่,ไม่,ใช่,ไม่,ไม่,บุตร,บุตร/หลาน
ภาคเหนือ,พิจิตร,ตะพานหิน,งิ้วราย,หญิง,29.0,วัยผู้ใหญ่ตอนต้น 19 - 35 ปี,สมรส,จดทะเบียนสมรสแล้ว,ใช่,ใช่,ไม่,ใช่,ใช่,ไม่,ใช่,ใช่,ไม่,ไม่,"คู่ชีวิต,สามี",คู่สมรส/คู่รัก
ภาคเหนือ,พิจิตร,เมืองพิจิตร,โรงช้าง,หญิง,64.0,วัยสูงอายุ 60 ปีขึ้นไป,สมรส,จดทะเบียนสมรสแล้ว,ไม่,ใช่,ไม่,ไม่,ไม่,ไม่,ไม่,ใช่,ไม่,ไม่,บุตร,บุตร/หลาน
ภาคเหนือ,พิษณุโลก,บางกระทุ่ม,บ้านไร่,หญิง,37.0,วัยกลางคน 36 - 59 ปี,สมรส,ยังไม่ได้จดทะเบียนสมรส,ไม่,ใช่,ไม่,ไม่,ใช่,ไม่,ไม่,ไม่,ไม่,ไม่,"คู่ชีวิต,สามี",คู่สมรส/คู่รัก
ภาคเหนือ,พิษณุโลก,เมืองพิษณุโลก,อรัญญิก,หญิง,26.0,วัยผู้ใหญ่ตอนต้น 19 - 35 ปี,สมรส,จดทะเบียนสมรสแล้ว,ไม่,ไม่,ไม่,ไม่,ใช่,ไม่,ไม่,ไม่,ไม่,ไม่,"คู่ชีวิต,สามี",คู่สมรส/คู่รัก
ภาคเหนือ,พิษณุโลก,บางกระทุ่ม,ไผ่ล้อม,หญิง,15.0,วัยรุ่น 13 - 18 ปี,สมรส,ยังไม่ได้จดทะเบียนสมรส,ใช่,ไม่,ไม่,ไม่,ไม่,ไม่,ไม่,ไม่,ไม่,ไม่,บุตร,บุตร/หลาน
ภาคเหนือ,พิษณุโลก,วังทอง,วังพิกุล,ชาย,11.0,วัยเด็กตอนกลาง 7 - 12 ปี,โสด,ไม่ระบุ,ไม่,ใช่,ไม่,ไม่,ไม่,ใช่,ใช่,ไม่,ไม่,ใช่,บุตร,บุตร/หลาน
ภาคเหนือ,พิษณุโลก,วังทอง,วังทอง,หญิง,14.0,วัยรุ่น 13 - 18 ปี,โสด,ไม่ระบุ,ไม่,ใช่,ไม่,ไม่,ไม่,ไม่,ไม่,ใช่,ไม่,ไม่,บุตร,บุตร/หลาน
ภาคเหนือ,พิษณุโลก,เมืองพิษณุโลก,ดอนทอง,หญิง,53.0,วัยกลางคน 36 - 59 ปี,แยกกันอยู่,ยังไม่ได้จดทะเบียนหย่า,ไม่,ไม่,ใช่,ใช่,ไม่,ไม่,ไม่,ไม่,ไม่,ใช่,"คู่ชีวิต,ภรรยา",คู่สมรส/คู่รัก
ภาคเหนือ,พิษณุโลก,บางระกำ,คุยม่วง,ชาย,53.0,วัยกลางคน 36 - 59 ปี,แยกกันอยู่,ยังไม่ได้จดทะเบียนหย่า,ไม่,ไม่,ไม่,ไม่,ไม่,ใช่,ไม่,ไม่,ไม่,ไม่,"คู่ชีวิต,ภรรยา",คู่สมรส/คู่รัก
ภาคเหนือ,พิษณุโลก,เมืองพิษณุโลก,หัวรอ,หญิง,40.0,วัยกลางคน 36 - 59 ปี,แยกกันอยู่,ยังไม่ได้จดทะเบียนหย่า,ใช่,ไม่,ไม่,ไม่,ใช่,ใช่,ไม่,ไม่,ใช่,ไม่,"คู่ชีวิต,สามี",คู่สมรส/คู่รัก
ภาคเหนือ,พิษณุโลก,นครไทย,บ้านแยง,หญิง,42.0,วัยกลางคน 36 - 59 ปี,สมรส,จดทะเบียนสมรสแล้ว,ใช่,ใช่,ไม่,ไม่,ไม่,ไม่,ไม่,ไม่,ไม่,ไม่,"คู่ชีวิต,สามี",คู่สมรส/คู่รัก
ภาคเหนือ,พิษณุโลก,เมืองพิษณุโลก,หัวรอ,หญิง,32.0,วัยผู้ใหญ่ตอนต้น 19 - 35 ปี,แยกกันอยู่,จดทะเบียนหย่า,ไม่,ไม่,ไม่,ไม่,ใช่,ไม่,ไม่,ไม่,ไม่,ไม่,"คู่ชีวิต,อดีตสามี",คู่สมรส/คู่รัก
ภาคเหนือ,พิษณุโลก,เมืองพิษณุโลก,ท่าโพธิ์,หญิง,20.0,วัยผู้ใหญ่ตอนต้น 19 - 35 ปี,แยกกันอยู่,จดทะเบียนหย่า,ไม่,ไม่,ไม่,ไม่,ไม่,ใช่,ไม่,ไม่,ไม่,ไม่,"คู่ชีวิต,สามี",คู่สมรส/คู่รัก
ภาคเหนือ,พิษณุโลก,เมืองพิษณุโลก,บึงพระ,หญิง,63.0,วัยสูงอายุ 60 ปีขึ้นไป,แยกกันอยู่,ยังไม่ได้จดทะเบียนหย่า,ใช่,ไม่,ใช่,ไม่,ไม่,ไม่,ไม่,ไม่,ไม่,ใช่,"คู่ชีวิต,อดีตสามี",คู่สมรส/คู่รัก
ภาคเหนือ,พิษณุโลก,วังทอง,บ้านกลาง,หญิง,12.0,วัยเด็กตอนกลาง 7 - 12 ปี,โสด,ไม่ระบุ,ไม่,ไม่,ใช่,ไม่,ไม่,ไม่,ไม่,ไม่,ไม่,ไม่,พ่อเลี้ยง,พ่อเลี้ยง/แม่เลี้ยง
ภาคเหนือ,พิษณุโลก,นครไทย,เนินเพิ่ม,หญิง,36.0,วัยกลางคน 36 - 59 ปี,สมรส,ยังไม่ได้จดทะเบียนสมรส,ใช่,ใช่,ใช่,ไม่,ไม่,ไม่,ไม่,ไม่,ไม่,ไม่,"คู่ชีวิต,สามี",คู่สมรส/คู่รัก
ภาคเหนือ,อุตรดิตถ์,เมืองอุตรดิตถ์,บ้านเกาะ,หญิง,36.0,วัยกลางคน 36 - 59 ปี,โสด,ไม่ระบุ,ใช่,ไม่,ไม่,ไม่,ไม่,ไม่,ไม่,ไม่,ไม่,ไม่,"คู่ชีวิต,สามี",คู่สมรส/คู่รัก
ภาคเหนือ,อุตรดิตถ์,พิชัย,ท่าสัก,หญิง,76.0,วัยสูงอายุ 60 ปีขึ้นไป,แยกกันอยู่,ยังไม่ได้จดทะเบียนหย่า,ไม่,ไม่,ไม่,ไม่,ไม่,ไม่,ไม่,ใช่,ไม่,ไม่,บุตร,บุตร/หลาน
ภาคเหนือ,อุตรดิตถ์,ท่าปลา,จริม,ชาย,5.0,วัยเด็กเล็กแรกเกิด - 6 ปี,โสด,ไม่ระบุ,ไม่,ไม่,ไม่,ใช่,ไม่,ไม่,ไม่,ไม่,ไม่,ไม่,ยาย,ผู้ปกครอง/เครือญาติ
ภาคเหนือ,อุตรดิตถ์,เมืองอุตรดิตถ์,บ้านด่าน,หญิง,26.0,วัยผู้ใหญ่ตอนต้น 19 - 35 ปี,โสด,ไม่ระบุ,ใช่,ไม่,ไม่,ไม่,ไม่,ไม่,ไม่,ไม่,ไม่,ไม่,"คู่ชีวิต,สามี",คู่สมรส/คู่รัก
ภาคเหนือ,อุตรดิตถ์,ท่าปลา,หาดล้า,หญิง,17.0,วัยรุ่น 13 - 18 ปี,โสด,ไม่ระบุ,ใช่,ไม่,ไม่,ใช่,ไม่,ไม่,ไม่,ไม่,ไม่,ไม่,ผู้ปกครอง,ผู้ปกครอง/เครือญาติ
ภาคเหนือ,อุตรดิตถ์,พิชัย,นายาง,หญิง,29.0,วัยผู้ใหญ่ตอนต้น 19 - 35 ปี,แยกกันอยู่,ยังไม่ได้จดทะเบียนหย่า,ใช่,ไม่,ไม่,ใช่,ไม่,ไม่,ไม่,ไม่,ไม่,ไม่,"คู่ชีวิต,ภรรยา",คู่สมรส/คู่รัก
ภาคเหนือ,อุตรดิตถ์,น้ำปาด,แสนตอ,หญิง,61.0,วัยสูงอายุ 60 ปีขึ้นไป,โสด,ไม่ระบุ,ไม่,ใช่,ไม่,ไม่,ไม่,ไม่,ไม่,ไม่,ไม่,ไม่,บุตร,บุตร/หลาน
ภาคเหนือ,อุทัยธานี,ลานสัก,น้ำรอบ,หญิง,5.0,วัยเด็กเล็กแรกเกิด - 6 ปี,โสด,ไม่ระบุ,ใช่,ใช่,ไม่,ใช่,ไม่,ไม่,ใช่,ไม่,ไม่,ไม่,บิดา,ผู้ปกครอง/เครือญาติ
ภาคเหนือ,อุทัยธานี,ห้วยคต,ทองหลาง,หญิง,32.0,วัยผู้ใหญ่ตอนต้น 19 - 35 ปี,สมรส,ยังไม่ได้จดทะเบียนสมรส,ใช่,ใช่,ใช่,ใช่,ใช่,ไม่,ไม่,ไม่,ไม่,ไม่,"คู่ชีวิต,สามี",คู่สมรส/คู่รัก
ภาคเหนือ,อุทัยธานี,หนองฉาง,ทุ่งโพ,หญิง,80.0,วัยสูงอายุ 60 ปีขึ้นไป,หม้าย (กรณีคู่สมรสเสียชีวิต),ไม่ระบุ,ไม่,ใช่,ไม่,ไม่,ไม่,ไม่,ไม่,ไม่,ไม่,ไม่,หลาน,บุตร/หลาน
ภาคเหนือ,อุทัยธานี,ทัพทัน,ตลุกดู่,หญิง,32.0,วัยผู้ใหญ่ตอนต้น 19 - 35 ปี,โสด,ไม่ระบุ,ไม่,ไม่,ไม่,ไม่,ใช่,ไม่,ไม่,ไม่,ไม่,ไม่,"คู่ชีวิต,สามี",คู่สมรส/คู่รัก
ภาคเหนือ,อุทัยธานี,บ้านไร่,แก่นมะกรูด,หญิง,63.0,วัยสูงอายุ 60 ปีขึ้นไป,หม้าย (กรณีคู่สมรสเสียชีวิต),ไม่ระบุ,ใช่,ใช่,ไม่,ไม่,ไม่,ไม่,ไม่,ไม่,ไม่,ไม่,บุตร,บุตร/หลาน
ภาคเหนือ,อุทัยธานี,เมืองอุทัยธานี,น้ำซึม,หญิง,22.0,วัยผู้ใหญ่ตอนต้น 19 - 35 ปี,โสด,ไม่ระบุ,ไม่,ไม่,ไม่,ไม่,ใช่,ไม่,ไม่,ไม่,ไม่,ไม่,"คู่ชีวิต,สามี",คู่สมรส/คู่รัก
ภาคเหนือ,อุทัยธานี,สว่างอารมณ์,บ่อยาง,หญิง,49.0,วัยกลางคน 36 - 59 ปี,แยกกันอยู่,ยังไม่ได้จดทะเบียนหย่า,ไม่,ไม่,ไม่,ไม่,ไม่,ไม่,ไม่,ใช่,ไม่,ไม่,บุตร,บุตร/หลาน
ภาคเหนือ,อุทัยธานี,ทัพทัน,ตลุกดู่,หญิง,34.0,วัยผู้ใหญ่ตอนต้น 19 - 35 ปี,สมรส,จดทะเบียนสมรสแล้ว,ไม่,ไม่,ไม่,ไม่,ใช่,ไม่,ไม่,ไม่,ไม่,ไม่,"คู่ชีวิต,สามี",คู่สมรส/คู่รัก
ภาคเหนือ,อุทัยธานี,เมืองอุทัยธานี,สะแกกรัง,หญิง,35.0,วัยผู้ใหญ่ตอนต้น 19 - 35 ปี,แยกกันอยู่,ยังไม่ได้จดทะเบียนหย่า,ไม่,ใช่,ไม่,ไม่,ใช่,ไม่,ไม่,ไม่,ไม่,ไม่,"คู่ชีวิต,สามี",คู่สมรส/คู่รัก
ภาคเหนือ,เชียงราย,เมืองเชียงราย,แม่ยาว,หญิง,38.0,วัยกลางคน 36 - 59 ปี,สมรส,ยังไม่ได้จดทะเบียนสมรส,ใช่,ใช่,ไม่,ใช่,ไม่,ไม่,ไม่,ไม่,ไม่,ไม่,"คู่ชีวิต,สามี",คู่สมรส/คู่รัก
ภาคเหนือ,เชียงราย,แม่สาย,ศรีเมืองชุม,หญิง,3.0,วัยเด็กเล็กแรกเกิด - 6 ปี,โสด,ไม่ระบุ,ใช่,ไม่,ไม่,ไม่,ไม่,ไม่,ไม่,ไม่,ไม่,ไม่,มารดา,ผู้ปกครอง/เครือญาติ
ภาคเหนือ,เชียงราย,เวียงชัย,ดอนศิลา,หญิง,34.0,วัยผู้ใหญ่ตอนต้น 19 - 35 ปี,สมรส,ยังไม่ได้จดทะเบียนสมรส,ใช่,ไม่,ไม่,ไม่,ไม่,ไม่,ไม่,ไม่,ไม่,ไม่,"คู่ชีวิต,สามี",คู่สมรส/คู่รัก
ภาคเหนือ,เชียงราย,ป่าแดด,ป่าแงะ,หญิง,70.0,วัยสูงอายุ 60 ปีขึ้นไป,หม้าย (กรณีคู่สมรสเสียชีวิต),ไม่ระบุ,ใช่,ใช่,ไม่,ใช่,ไม่,ไม่,ไม่,ไม่,ไม่,ใช่,บุตร,บุตร/หลาน
ภาคเหนือ,เชียงราย,ดอยหลวง,ปงน้อย,หญิง,12.0,วัยเด็กตอนกลาง 7 - 12 ปี,โสด,ไม่ระบุ,ไม่,ไม่,ไม่,ไม่,ไม่,ไม่,ไม่,ไม่,ไม่,ใช่,บิดา,ผู้ปกครอง/เครือญาติ
ภาคเหนือ,เชียงราย,พญาเม็งราย,เม็งราย,หญิง,33.0,วัยผู้ใหญ่ตอนต้น 19 - 35 ปี,สมรส,ยังไม่ได้จดทะเบียนสมรส,ใช่,ไม่,ไม่,ไม่,ไม่,ไม่,ไม่,ไม่,ไม่,ไม่,"คู่ชีวิต,สามี",คู่สมรส/คู่รัก
ภาคเหนือ,เชียงราย,ขุนตาล,ป่าตาล,หญิง,13.0,วัยรุ่น 13 - 18 ปี,โสด,ไม่ระบุ,ใช่,ไม่,ไม่,ไม่,ไม่,ไม่,ไม่,ไม่,ไม่,ไม่,บิดา,ผู้ปกครอง/เครือญาติ
ภาคเหนือ,เชียงราย,เมืองเชียงราย,รอบเวียง,หญิง,38.0,วัยกลางคน 36 - 59 ปี,สมรส,จดทะเบียนสมรสแล้ว,ไม่,ใช่,ไม่,ไม่,ไม่,ไม่,ไม่,ไม่,ไม่,ไม่,"คู่ชีวิต,สามี",คู่สมรส/คู่รัก
ภาคเหนือ,เชียงราย,แม่จัน,ป่าซาง,ชาย,16.0,วัยรุ่น 13 - 18 ปี,โสด,ไม่ระบุ,ไม่,ใช่,ไม่,ไม่,ไม่,ไม่,ไม่,ไม่,ไม่,ไม่,พี่น้อง/ลูกพี่ลูกน้อง,บุตร/หลาน
ภาคเหนือ,เชียงราย,แม่ฟ้าหลวง,แม่สลองนอก,หญิง,16.0,วัยรุ่น 13 - 18 ปี,โสด,ไม่ระบุ,ไม่,ใช่,ไม่,ไม่,ไม่,ไม่,ไม่,ใช่,ไม่,ไม่,บิดา,ผู้ปกครอง/เครือญาติ
ภาคเหนือ,เชียงราย,เวียงป่าเป้า,แม่เจดีย์ใหม่,หญิง,64.0,วัยสูงอายุ 60 ปีขึ้นไป,สมรส,จดทะเบียนสมรสแล้ว,ใช่,ไม่,ไม่,ไม่,ไม่,ไม่,ไม่,ใช่,ไม่,ไม่,"คู่ชีวิต,สามี",คู่สมรส/คู่รัก
ภาคเหนือ,เพชรบูรณ์,เมืองเพชรบูรณ์,นาป่า,ชาย,13.0,วัยรุ่น 13 - 18 ปี,โสด,ไม่ระบุ,ไม่,ใช่,ใช่,ไม่,ไม่,ไม่,ไม่,ไม่,ไม่,ไม่,บุตร,บุตร/หลาน
ภาคเหนือ,เพชรบูรณ์,เมืองเพชรบูรณ์,นาป่า,ชาย,11.0,วัยเด็กตอนกลาง 7 - 12 ปี,โสด,ไม่ระบุ,ไม่,ใช่,ใช่,ไม่,ไม่,ไม่,ไม่,ไม่,ไม่,ไม่,บุตร,บุตร/หลาน
ภาคเหนือ,เพชรบูรณ์,เมืองเพชรบูรณ์,นาป่า,ชาย,8.0,วัยเด็กตอนกลาง 7 - 12 ปี,โสด,ไม่ระบุ,ไม่,ใช่,ใช่,ไม่,ไม่,ไม่,ไม่,ไม่,ไม่,ไม่,บุตร,บุตร/หลาน
ภาคเหนือ,เพชรบูรณ์,เมืองเพชรบูรณ์,นาป่า,ชาย,2.0,วัยเด็กเล็กแรกเกิด - 6 ปี,โสด,ไม่ระบุ,ไม่,ใช่,ใช่,ไม่,ไม่,ไม่,ไม่,ไม่,ไม่,ไม่,บุตร,บุตร/หลาน
ภาคเหนือ,เพชรบูรณ์,ศรีเทพ,สระกรวด,หญิง,45.0,วัยกลางคน 36 - 59 ปี,สมรส,ยังไม่ได้จดทะเบียนสมรส,ไม่,ใช่,ไม่,ไม่,ไม่,ไม่,ไม่,ไม่,ไม่,ไม่,"คู่ชีวิต,สามี",คู่สมรส/คู่รัก
ภาคเหนือ,เพชรบูรณ์,หล่มสัก,ปากดุก,หญิง,62.0,วัยสูงอายุ 60 ปีขึ้นไป,หม้าย (กรณีคู่สมรสเสียชีวิต),ไม่ระบุ,ไม่,ใช่,ไม่,ไม่,ไม่,ไม่,ไม่,ไม่,ไม่,ไม่,บุตร,บุตร/หลาน
ภาคเหนือ,เพชรบูรณ์,หล่มสัก,ปากช่อง,หญิง,8.0,วัยเด็กตอนกลาง 7 - 12 ปี,โสด,ไม่ระบุ,ไม่,ไม่,ใช่,ไม่,ไม่,ไม่,ไม่,ไม่,ไม่,ไม่,อื่นๆ ตาเลี้ยง,ผู้ปกครอง/เครือญาติ
ภาคเหนือ,เพชรบูรณ์,หล่มสัก,ปากช่อง,หญิง,4.0,วัยเด็กเล็กแรกเกิด - 6 ปี,โสด,ไม่ระบุ,ไม่,ไม่,ใช่,ไม่,ไม่,ไม่,ไม่,ไม่,ไม่,ไม่,อื่นๆ ตาเลี้ยง,ผู้ปกครอง/เครือญาติ
ภาคเหนือ,แพร่,ร้องกวาง,แม่ยางตาล,หญิง,57.0,วัยกลางคน 36 - 59 ปี,สมรส,จดทะเบียนสมรสแล้ว,ใช่,ใช่,ไม่,ไม่,ไม่,ไม่,ไม่,ไม่,ไม่,ไม่,"คู่ชีวิต,ภรรยา",คู่สมรส/คู่รัก
ภาคเหนือ,แพร่,สูงเม่น,เวียงทอง,ชาย,61.0,วัยสูงอายุ 60 ปีขึ้นไป,หม้าย (กรณีคู่สมรสเสียชีวิต),ไม่ระบุ,ใช่,ใช่,ไม่,ไม่,ไม่,ไม่,ไม่,ไม่,ไม่,ไม่,บิดา,ผู้ปกครอง/เครือญาติ
ภาคเหนือ,แพร่,ร้องกวาง,แม่ยางร้อง,หญิง,61.0,วัยสูงอายุ 60 ปีขึ้นไป,สมรส,จดทะเบียนสมรสแล้ว,ใช่,ใช่,ไม่,ไม่,ไม่,ไม่,ไม่,ไม่,ไม่,ไม่,บุตร,บุตร/หลาน
ภาคเหนือ,แพร่,เมืองแพร่,ป่าแมต,หญิง,19.0,วัยผู้ใหญ่ตอนต้น 19 - 35 ปี,โสด,ไม่ระบุ,ใช่,ไม่,ไม่,ใช่,ไม่,ไม่,ไม่,ไม่,ไม่,ไม่,หลาน,บุตร/หลาน
ภาคเหนือ,แพร่,วังชิ้น,แม่เกิ๋ง,หญิง,39.0,วัยกลางคน 36 - 59 ปี,สมรส,จดทะเบียนสมรสแล้ว,ใช่,ไม่,ไม่,ใช่,ไม่,ไม่,ไม่,ไม่,ไม่,ไม่,พี่น้อง/ลูกพี่ลูกน้อง,บุตร/หลาน
ภาคเหนือ,แม่ฮ่องสอน,เมืองแม่ฮ่องสอน,ปางหมู,หญิง,40.0,วัยกลางคน 36 - 59 ปี,สมรส,ยังไม่ได้จดทะเบียนสมรส,ใช่,ไม่,ไม่,ไม่,ไม่,ไม่,ไม่,ไม่,ไม่,ไม่,"คู่ชีวิต,ภรรยา",คู่สมรส/คู่รัก
ภาคเหนือ,แม่ฮ่องสอน,เมืองแม่ฮ่องสอน,ปางหมู,ชาย,16.0,วัยรุ่น 13 - 18 ปี,โสด,ไม่ระบุ,ใช่,ไม่,ไม่,ไม่,ไม่,ไม่,ไม่,ไม่,ไม่,ไม่,บุตร,บุตร/หลาน
ภาคเหนือ,แม่ฮ่องสอน,ขุนยวม,ขุนยวม,ชาย,36.0,วัยกลางคน 36 - 59 ปี,โสด,ไม่ระบุ,ใช่,ไม่,ไม่,ไม่,ไม่,ไม่,ไม่,ไม่,ไม่,ไม่,บุตร,บุตร/หลาน
ภาคเหนือ,แม่ฮ่องสอน,เมืองแม่ฮ่องสอน,ห้วยผา,หญิง,26.0,วัยผู้ใหญ่ตอนต้น 19 - 35 ปี,โสด,ไม่ระบุ,ไม่,ไม่,ไม่,ไม่,ไม่,ไม่,ไม่,ไม่,ไม่,ใช่,บุตร,บุตร/หลาน
ภาคใต้,กระบี่,อ่าวลึก,อ่าวลึกใต้,ชาย,5.0,วัยเด็กเล็กแรกเกิด - 6 ปี,โสด,ไม่ระบุ,ไม่,ใช่,ใช่,ใช่,ไม่,ไม่,ไม่,ไม่,ไม่,ไม่,พ่อเลี้ยง,พ่อเลี้ยง/แม่เลี้ยง
ภาคใต้,ชุมพร,สวี,ทุ่งระยะ,หญิง,49.0,วัยกลางคน 36 - 59 ปี,สมรส,ยังไม่ได้จดทะเบียนสมรส,ไม่,ไม่,ไม่,ไม่,ใช่,ไม่,ไม่,ไม่,ไม่,ไม่,"คู่ชีวิต,สามี",คู่สมรส/คู่รัก
ภาคใต้,ชุมพร,ท่าแซะ,รับร่อ,หญิง,30.0,วัยผู้ใหญ่ตอนต้น 19 - 35 ปี,โสด,ไม่ระบุ,ไม่,ไม่,ไม่,ใช่,ใช่,ไม่,ไม่,ไม่,ไม่,ไม่,"คู่ชีวิต,สามี",คู่สมรส/คู่รัก
ภาคใต้,ชุมพร,สวี,ท่าหิน,หญิง,35.0,วัยผู้ใหญ่ตอนต้น 19 - 35 ปี,โสด,ไม่ระบุ,ไม่,ใช่,ไม่,ไม่,ใช่,ไม่,ไม่,ไม่,ไม่,ไม่,"คู่ชีวิต,สามี",คู่สมรส/คู่รัก
ภาคใต้,ชุมพร,สวี,ด่านสวี,ชาย,11.0,วัยเด็กตอนกลาง 7 - 12 ปี,โสด,ไม่ระบุ,ใช่,ใช่,ไม่,ไม่,ไม่,ไม่,ไม่,ใช่,ไม่,ไม่,บิดา,ผู้ปกครอง/เครือญาติ
ภาคใต้,ชุมพร,สวี,วิสัยใต้,หญิง,16.0,วัยรุ่น 13 - 18 ปี,โสด,ไม่ระบุ,ไม่,ไม่,ใช่,ไม่,ไม่,ไม่,ไม่,ไม่,ไม่,ใช่,บิดา,ผู้ปกครอง/เครือญาติ
ภาคใต้,ชุมพร,สวี,นาสัก,หญิง,16.0,วัยรุ่น 13 - 18 ปี,โสด,ไม่ระบุ,ไม่,ไม่,ใช่,ไม่,ไม่,ไม่,ไม่,ไม่,ไม่,ไม่,ย่า,ผู้ปกครอง/เครือญาติ
ภาคใต้,ชุมพร,สวี,สวี,หญิง,7.0,วัยเด็กตอนกลาง 7 - 12 ปี,โสด,ไม่ระบุ,ไม่,ใช่,ใช่,ไม่,ไม่,ไม่,ไม่,ไม่,ไม่,ไม่,บิดา,ผู้ปกครอง/เครือญาติ
ภาคใต้,นครศรีธรรมราช,หัวไทร,ทรายขาว,หญิง,40.0,วัยกลางคน 36 - 59 ปี,สมรส,ยังไม่ได้จดทะเบียนสมรส,ไม่,ใช่,ไม่,ไม่,ไม่,ไม่,ไม่,ไม่,ไม่,ไม่,"คู่ชีวิต,สามี",คู่สมรส/คู่รัก
ภาคใต้,นครศรีธรรมราช,เมืองนครศรีธรรมราช,โพธิ์เสด็จ,หญิง,68.0,วัยสูงอายุ 60 ปีขึ้นไป,สมรส,จดทะเบียนสมรสแล้ว,ไม่,ไม่,ไม่,ไม่,ใช่,ไม่,ไม่,ไม่,ไม่,ไม่,"คู่ชีวิต,สามี",คู่สมรส/คู่รัก
ภาคใต้,นครศรีธรรมราช,ทุ่งสง,ชะมาย,หญิง,53.0,วัยกลางคน 36 - 59 ปี,สมรส,ยังไม่ได้จดทะเบียนสมรส,ไม่,ไม่,ใช่,ไม่,ไม่,ไม่,ไม่,ไม่,ไม่,ไม่,"คู่ชีวิต,สามี",คู่สมรส/คู่รัก
ภาคใต้,นราธิวาส,ยี่งอ,ลุโบะบือซา,หญิง,11.0,วัยเด็กตอนกลาง 7 - 12 ปี,โสด,ไม่ระบุ,ไม่,ใช่,ไม่,ไม่,ไม่,ไม่,ใช่,ใช่,ไม่,ใช่,มารดา,ผู้ปกครอง/เครือญาติ
ภาคใต้,นราธิวาส,เมืองนราธิวาส,บางนาค,หญิง,11.0,วัยเด็กตอนกลาง 7 - 12 ปี,โสด,ไม่ระบุ,ไม่,ไม่,ไม่,ใช่,ไม่,ไม่,ใช่,ใช่,ไม่,ใช่,มารดา,ผู้ปกครอง/เครือญาติ
ภาคใต้,นราธิวาส,ศรีสาคร,ศรีบรรพต,หญิง,34.0,วัยผู้ใหญ่ตอนต้น 19 - 35 ปี,สมรส,ไม่ระบุ,ไม่,ใช่,ใช่,ไม่,ใช่,ไม่,ไม่,ใช่,ไม่,ใช่,"คู่ชีวิต,สามี",คู่สมรส/คู่รัก
ภาคใต้,นราธิวาส,แว้ง,แว้ง,หญิง,51.0,วัยกลางคน 36 - 59 ปี,สมรส,จดทะเบียนสมรสแล้ว,ไม่,ใช่,ใช่,ใช่,ใช่,ไม่,ใช่,ใช่,ไม่,ไม่,"คู่ชีวิต,สามี",คู่สมรส/คู่รัก
ภาคใต้,นราธิวาส,ระแงะ,ตันหยงมัส,หญิง,15.0,วัยรุ่น 13 - 18 ปี,โสด,ไม่ระบุ,ไม่,ไม่,ใช่,ไม่,ไม่,ไม่,ไม่,ไม่,ไม่,ไม่,พ่อเลี้ยง,พ่อเลี้ยง/แม่เลี้ยง
ภาคใต้,ปัตตานี,ยะหริ่ง,บางปู,ชาย,4.0,วัยเด็กเล็กแรกเกิด - 6 ปี,โสด,ไม่ระบุ,ไม่,ใช่,ไม่,ไม่,ไม่,ไม่,ไม่,ใช่,ไม่,ไม่,มารดา,ผู้ปกครอง/เครือญาติ
ภาคใต้,ปัตตานี,สายบุรี,แป้น,หญิง,14.0,วัยรุ่น 13 - 18 ปี,โสด,ไม่ระบุ,ไม่,ไม่,ใช่,ไม่,ไม่,ไม่,ไม่,ไม่,ไม่,ใช่,บิดา,ผู้ปกครอง/เครือญาติ
ภาคใต้,ปัตตานี,สายบุรี,ตะลุบัน,ชาย,6.0,วัยเด็กเล็กแรกเกิด - 6 ปี,โสด,ไม่ระบุ,ไม่,ไม่,ไม่,ไม่,ไม่,ไม่,ไม่,ไม่,ไม่,ใช่,มารดา,ผู้ปกครอง/เครือญาติ
ภาคใต้,พังงา,ทับปุด,ทับปุด,หญิง,43.0,วัยกลางคน 36 - 59 ปี,สมรส,ยังไม่ได้จดทะเบียนสมรส,ไม่,ไม่,ไม่,ไม่,ไม่,ไม่,ไม่,ใช่,ไม่,ไม่,ลูกเลี้ยง,บุตร/หลาน
ภาคใต้,พังงา,ท้ายเหมือง,ทุ่งมะพร้าว,หญิง,31.0,วัยผู้ใหญ่ตอนต้น 19 - 35 ปี,สมรส,ยังไม่ได้จดทะเบียนสมรส,ไม่,ไม่,ใช่,ไม่,ไม่,ไม่,ไม่,ไม่,ไม่,ไม่,"คู่ชีวิต,ภรรยา",คู่สมรส/คู่รัก
ภาคใต้,พังงา,ตะกั่วทุ่ง,กระโสม,หญิง,78.0,วัยสูงอายุ 60 ปีขึ้นไป,หม้าย (กรณีคู่สมรสเสียชีวิต),ไม่ระบุ,ไม่,ใช่,ไม่,ไม่,ไม่,ไม่,ไม่,ใช่,ไม่,ไม่,มารดา,ผู้ปกครอง/เครือญาติ
ภาคใต้,พังงา,เมืองพังงา,นบปริง,หญิง,66.0,วัยสูงอายุ 60 ปีขึ้นไป,สมรส,จดทะเบียนสมรสแล้ว,ไม่,ไม่,ใช่,ไม่,ไม่,ไม่,ไม่,ไม่,ไม่,ไม่,มารดา,ผู้ปกครอง/เครือญาติ
ภาคใต้,พังงา,ท้ายเหมือง,บางทอง,หญิง,61.0,วัยสูงอายุ 60 ปีขึ้นไป,สมรส,จดทะเบียนสมรสแล้ว,ไม่,ใช่,ไม่,ไม่,ไม่,ไม่,ไม่,ไม่,ไม่,ไม่,บุตร,บุตร/หลาน
ภาคใต้,พัทลุง,ป่าพะยอม,เกาะเต่า,หญิง,43.0,วัยกลางคน 36 - 59 ปี,โสด,ไม่ระบุ,ไม่,ใช่,ไม่,ใช่,ไม่,ไม่,ไม่,ไม่,ไม่,ไม่,"คู่ชีวิต,สามี",คู่สมรส/คู่รัก
ภาคใต้,พัทลุง,เมืองพัทลุง,นาท่อม,หญิง,85.0,วัยสูงอายุ 60 ปีขึ้นไป,โสด,ไม่ระบุ,ไม่,ไม่,ไม่,ไม่,ไม่,ไม่,ไม่,ใช่,ไม่,ใช่,มารดา,ผู้ปกครอง/เครือญาติ
ภาคใต้,พัทลุง,เมืองพัทลุง,พญาขัน,หญิง,31.0,วัยผู้ใหญ่ตอนต้น 19 - 35 ปี,แยกกันอยู่,ยังไม่ได้จดทะเบียนหย่า,ไม่,ใช่,ไม่,ไม่,ไม่,ไม่,ไม่,ไม่,ไม่,ไม่,"คู่ชีวิต,สามี",คู่สมรส/คู่รัก
ภาคใต้,พัทลุง,บางแก้ว,โคกสัก,หญิง,38.0,วัยกลางคน 36 - 59 ปี,โสด,ไม่ระบุ,ไม่,ใช่,ไม่,ไม่,ไม่,ไม่,ไม่,ไม่,ไม่,ไม่,"คู่ชีวิต,อดีตสามี",คู่สมรส/คู่รัก
ภาคใต้,ภูเก็ต,ถลาง,ไม้ขาว,หญิง,29.0,วัยผู้ใหญ่ตอนต้น 19 - 35 ปี,สมรส,ยังไม่ได้จดทะเบียนสมรส,ไม่,ใช่,ไม่,ใช่,ไม่,ไม่,ไม่,ไม่,ไม่,ไม่,"คู่ชีวิต,สามี",คู่สมรส/คู่รัก
ภาคใต้,ภูเก็ต,เมืองภูเก็ต,วิชิต,หญิง,44.0,วัยกลางคน 36 - 59 ปี,สมรส,ยังไม่ได้จดทะเบียนสมรส,ใช่,ไม่,ไม่,ใช่,ใช่,ไม่,ไม่,ไม่,ไม่,ใช่,"คู่ชีวิต,สามี",คู่สมรส/คู่รัก
ภาคใต้,ภูเก็ต,เมืองภูเก็ต,รัษฎา,หญิง,35.0,วัยผู้ใหญ่ตอนต้น 19 - 35 ปี,สมรส,ยังไม่ได้จดทะเบียนสมรส,ไม่,ไม่,ไม่,ใช่,ไม่,ไม่,ไม่,ไม่,ไม่,ไม่,"คู่ชีวิต,สามี",คู่สมรส/คู่รัก
ภาคใต้,ภูเก็ต,เมืองภูเก็ต,รัษฎา,หญิง,24.0,วัยผู้ใหญ่ตอนต้น 19 - 35 ปี,สมรส,จดทะเบียนสมรสแล้ว,ไม่,ไม่,ไม่,ไม่,ไม่,ไม่,ไม่,ไม่,ไม่,ใช่,"คู่ชีวิต,สามี",คู่สมรส/คู่รัก
ภาคใต้,ภูเก็ต,กะทู้,กะทู้,หญิง,80.0,วัยสูงอายุ 60 ปีขึ้นไป,สมรส,ยังไม่ได้จดทะเบียนสมรส,ไม่,ไม่,ไม่,ใช่,ไม่,ไม่,ไม่,ไม่,ไม่,ใช่,"คู่ชีวิต,สามี",คู่สมรส/คู่รัก
ภาคใต้,ภูเก็ต,กะทู้,ป่าตอง,หญิง,24.0,วัยผู้ใหญ่ตอนต้น 19 - 35 ปี,สมรส,ยังไม่ได้จดทะเบียนสมรส,ไม่,ไม่,ไม่,ไม่,ใช่,ไม่,ไม่,ไม่,ไม่,ใช่,"คู่ชีวิต,สามี",คู่สมรส/คู่รัก
ภาคใต้,ภูเก็ต,เมืองภูเก็ต,ตลาดเหนือ,หญิง,24.0,วัยผู้ใหญ่ตอนต้น 19 - 35 ปี,สมรส,จดทะเบียนสมรสแล้ว,ไม่,ใช่,ไม่,ไม่,ไม่,ไม่,ไม่,ไม่,ไม่,ใช่,"คู่ชีวิต,สามี",คู่สมรส/คู่รัก
ภาคใต้,ภูเก็ต,ถลาง,สาคู,ชาย,12.0,วัยเด็กตอนกลาง 7 - 12 ปี,โสด,ไม่ระบุ,ไม่,ใช่,ไม่,ไม่,ไม่,ไม่,ไม่,ไม่,ไม่,ไม่,พี่น้อง/ลูกพี่ลูกน้อง,บุตร/หลาน
ภาคใต้,ภูเก็ต,กะทู้,ป่าตอง,หญิง,29.0,วัยผู้ใหญ่ตอนต้น 19 - 35 ปี,สมรส,ยังไม่ได้จดทะเบียนสมรส,ไม่,ไม่,ไม่,ไม่,ใช่,ไม่,ไม่,ไม่,ไม่,ไม่,"คู่ชีวิต,สามี",คู่สมรส/คู่รัก
ภาคใต้,ภูเก็ต,กะทู้,กะทู้,ชาย,6.0,วัยเด็กเล็กแรกเกิด - 6 ปี,โสด,ไม่ระบุ,ไม่,ไม่,ไม่,ไม่,ไม่,ไม่,ไม่,ใช่,ไม่,ไม่,มารดา,ผู้ปกครอง/เครือญาติ
ภาคใต้,ภูเก็ต,กะทู้,ป่าตอง,หญิง,49.0,วัยกลางคน 36 - 59 ปี,โสด,ไม่ระบุ,ใช่,ไม่,ไม่,ใช่,ใช่,ไม่,ไม่,ไม่,ไม่,ไม่,"คู่ชีวิต,อดีตสามี",คู่สมรส/คู่รัก
ภาคใต้,ยะลา,เบตง,เบตง,หญิง,18.0,วัยรุ่น 13 - 18 ปี,สมรส,ยังไม่ได้จดทะเบียนสมรส,ใช่,ไม่,ไม่,ใช่,ไม่,ไม่,ไม่,ไม่,ไม่,ไม่,บิดา,ผู้ปกครอง/เครือญาติ
ภาคใต้,ระนอง,เมืองระนอง,บางริ้น,ชาย,25.0,วัยผู้ใหญ่ตอนต้น 19 - 35 ปี,สมรส,ยังไม่ได้จดทะเบียนสมรส,ใช่,ไม่,ใช่,ใช่,ไม่,ไม่,ไม่,ไม่,ไม่,ไม่,บิดา,ผู้ปกครอง/เครือญาติ
ภาคใต้,ระนอง,เมืองระนอง,บางริ้น,หญิง,20.0,วัยผู้ใหญ่ตอนต้น 19 - 35 ปี,โสด,ไม่ระบุ,ไม่,ไม่,ใช่,ไม่,ไม่,ไม่,ไม่,ไม่,ไม่,ไม่,บุตร,บุตร/หลาน
ภาคใต้,ระนอง,เมืองระนอง,ราชกรูด,หญิง,20.0,วัยผู้ใหญ่ตอนต้น 19 - 35 ปี,โสด,ไม่ระบุ,ไม่,ไม่,ใช่,ใช่,ไม่,ไม่,ใช่,ไม่,ไม่,ไม่,บุตร,บุตร/หลาน
ภาคใต้,ระนอง,เมืองระนอง,เขานิเวศน์,ชาย,92.0,วัยสูงอายุ 60 ปีขึ้นไป,สมรส,จดทะเบียนสมรสแล้ว,ไม่,ไม่,ใช่,ไม่,ไม่,ไม่,ไม่,ไม่,ไม่,ไม่,บุตร,บุตร/หลาน
ภาคใต้,ระนอง,เมืองระนอง,บางริ้น,หญิง,39.0,วัยกลางคน 36 - 59 ปี,สมรส,ยังไม่ได้จดทะเบียนสมรส,ไม่,ไม่,ไม่,ไม่,ใช่,ไม่,ไม่,ไม่,ไม่,ไม่,"คู่ชีวิต,สามี",คู่สมรส/คู่รัก
ภาคใต้,สงขลา,จะนะ,ตลิ่งชัน,หญิง,56.0,วัยกลางคน 36 - 59 ปี,โสด,ไม่ระบุ,ไม่,ใช่,ไม่,ไม่,ไม่,ไม่,ไม่,ไม่,ไม่,ไม่,บุตร,บุตร/หลาน
ภาคใต้,สงขลา,สะบ้าย้อย,คูหา,หญิง,17.0,วัยรุ่น 13 - 18 ปี,โสด,ไม่ระบุ,ไม่,ใช่,ไม่,ไม่,ไม่,ไม่,ไม่,ไม่,ไม่,ไม่,"คู่ชีวิต,สามี",คู่สมรส/คู่รัก
ภาคใต้,สตูล,เมืองสตูล,ควนโพธิ์,ชาย,58.0,วัยกลางคน 36 - 59 ปี,สมรส,ยังไม่ได้จดทะเบียนสมรส,ใช่,ไม่,ไม่,ไม่,ไม่,ไม่,ไม่,ไม่,ไม่,ไม่,บุตร,บุตร/หลาน
ภาคใต้,สตูล,เมืองสตูล,พิมาน,หญิง,33.0,วัยผู้ใหญ่ตอนต้น 19 - 35 ปี,แยกกันอยู่,ยังไม่ได้จดทะเบียนหย่า,ไม่,ใช่,ใช่,ไม่,ไม่,ไม่,ไม่,ไม่,ไม่,ไม่,"คู่ชีวิต,สามี",คู่สมรส/คู่รัก
ภาคใต้,สตูล,ควนกาหลง,ทุ่งนุ้ย,หญิง,14.0,วัยรุ่น 13 - 18 ปี,โสด,ไม่ระบุ,ไม่,ใช่,ไม่,ไม่,ไม่,ไม่,ไม่,ไม่,ไม่,ไม่,บุตร,บุตร/หลาน
ภาคใต้,สตูล,ทุ่งหว้า,ขอนคลาน,หญิง,48.0,วัยกลางคน 36 - 59 ปี,แยกกันอยู่,ยังไม่ได้จดทะเบียนหย่า,ไม่,ใช่,ไม่,ไม่,ไม่,ไม่,ไม่,ไม่,ไม่,ไม่,"คู่ชีวิต,สามี",คู่สมรส/คู่รัก
ภาคใต้,สตูล,ท่าแพ,ท่าเรือ,หญิง,34.0,วัยผู้ใหญ่ตอนต้น 19 - 35 ปี,แยกกันอยู่,ยังไม่ได้จดทะเบียนหย่า,ไม่,ใช่,ไม่,ไม่,ไม่,ไม่,ไม่,ไม่,ไม่,ไม่,"คู่ชีวิต,สามี",คู่สมรส/คู่รัก
ภาคใต้,สตูล,ละงู,กำแพง,ชาย,13.0,วัยรุ่น 13 - 18 ปี,โสด,ไม่ระบุ,ไม่,ใช่,ไม่,ไม่,ไม่,ไม่,ไม่,ไม่,ไม่,ไม่,บิดา,ผู้ปกครอง/เครือญาติ
ภาคใต้,สตูล,ละงู,กำแพง,หญิง,73.0,วัยสูงอายุ 60 ปีขึ้นไป,สมรส,ยังไม่ได้จดทะเบียนสมรส,ไม่,ใช่,ไม่,ไม่,ไม่,ไม่,ไม่,ไม่,ไม่,ไม่,บุตร,บุตร/หลาน
ภาคใต้,สตูล,ท่าแพ,ท่าแพ,ชาย,2.0,วัยเด็กเล็กแรกเกิด - 6 ปี,โสด,ไม่ระบุ,ไม่,ใช่,ใช่,ไม่,ไม่,ไม่,ไม่,ไม่,ไม่,ไม่,บิดา,ผู้ปกครอง/เครือญาติ
ภาคใต้,สตูล,เมืองสตูล,ควนขัน,หญิง,57.0,วัยกลางคน 36 - 59 ปี,แยกกันอยู่,จดทะเบียนหย่า,ไม่,ใช่,ไม่,ไม่,ไม่,ไม่,ไม่,ไม่,ไม่,ไม่,"คู่ชีวิต,สามี",คู่สมรส/คู่รัก
ภาคใต้,สตูล,ละงู,กำแพง,ชาย,55.0,วัยกลางคน 36 - 59 ปี,สมรส,จดทะเบียนสมรสแล้ว,ใช่,ใช่,ไม่,ไม่,ไม่,ไม่,ไม่,ใช่,ใช่,ไม่,บุตร,บุตร/หลาน
ภาคใต้,สตูล,เมืองสตูล,พิมาน,หญิง,30.0,วัยผู้ใหญ่ตอนต้น 19 - 35 ปี,สมรส,ยังไม่ได้จดทะเบียนสมรส,ไม่,ใช่,ไม่,ไม่,ไม่,ไม่,ไม่,ไม่,ไม่,ไม่,"คู่ชีวิต,ภรรยา",คู่สมรส/คู่รัก
ภาคใต้,สุราษฎร์ธานี,วิภาวดี,ตะกุกเหนือ,หญิง,25.0,วัยผู้ใหญ่ตอนต้น 19 - 35 ปี,แยกกันอยู่,ไม่ระบุ,ไม่,ใช่,ไม่,ไม่,ใช่,ไม่,ไม่,ไม่,ไม่,ไม่,"คู่ชีวิต,สามี",คู่สมรส/คู่รัก
ภาคใต้,สุราษฎร์ธานี,เมืองสุราษฎร์ธานี,มะขามเตี้ย,หญิง,38.0,วัยกลางคน 36 - 59 ปี,แยกกันอยู่,จดทะเบียนหย่า,ใช่,ใช่,ไม่,ไม่,ใช่,ไม่,ไม่,ไม่,ไม่,ไม่,"คู่ชีวิต,อดีตสามี",คู่สมรส/คู่รัก
ภาคใต้,สุราษฎร์ธานี,กาญจนดิษฐ์,ท่าทองใหม่,หญิง,13.0,วัยรุ่น 13 - 18 ปี,โสด,ไม่ระบุ,ใช่,ใช่,ไม่,ใช่,ไม่,ไม่,ไม่,ไม่,ไม่,ไม่,พ่อเลี้ยง,พ่อเลี้ยง/แม่เลี้ยง
